Table 6.8C. Persons Engaged in Production by Industry,,,,,,,,,,,,,,,,
[Thousands],,,,,,,,,,,,,,,,
Annual data from 1987 to 2000,,,,,,,,,,,,,,,,
Bureau of Economic Analysis,,,,,,,,,,,,,,,,
"Data published September 29, 2023",,,,,,,,,,,,,,,,
File created Jun 26 2024 10:56AM,,,,,,,,,,,,,,,,
,,,,,,,,,,,,,,,,
Line,,,1987,1988,1989,1990,1991,1992,1993,1994,1995,1996,1997,1998,1999,2000
1,      Persons engaged in production\1\,A4601C,106967,110092,112825,114024,112776,112554,114531,117342,120268,122421,125267,128099,130449,133221
2,Domestic industries,A4602C,107033,110167,112908,114106,112858,112632,114896,117753,120677,122798,125671,128500,130890,133617
3,  Private industries\2\,A4603C,89797,92524,94862,95736,94434,94292,96611,99470,102281,104386,107142,109802,112041,114512
4,"    Agriculture, forestry, and fishing",A4604C,2932,2988,2940,2931,2964,2883,2936,2995,3209,3154,3133,3132,3170,3145
5,      Farms,Q4605C,1968,1977,1880,1846,1861,1803,1801,1790,1967,1826,1813,1704,1692,1659
6,"      Agricultural services, forestry, and fishing",B4606C,964,1011,1060,1085,1103,1080,1135,1205,1242,1328,1320,1428,1478,1486
7,    Mining,A4607C,734,745,715,730,708,653,621,610,594,586,601,599,541,543
8,      Metal mining,B4608C,47,54,60,61,57,56,52,50,53,56,54,49,45,42
9,      Coal mining,B4609C,161,151,145,146,136,125,111,111,105,96,94,92,84,76
10,      Oil and gas extraction,B4610C,413,424,397,412,411,369,353,346,328,326,344,348,303,314
11,"      Nonmetallic minerals, except fuels",Q4611C,113,116,113,111,104,103,105,103,108,108,109,110,109,111
12,    Construction,B4612C,6141,6357,6419,6406,5958,5812,6068,6334,6572,6861,7152,7488,7894,8282
13,    Manufacturing,A4613C,18939,19310,19364,19081,18400,18039,18078,18409,18584,18527,18717,18862,18594,18454
14,      Durable goods,A4614C,11195,11450,11466,11197,10653,10359,10323,10565,10794,10888,11105,11309,11184,11186
15,        Lumber and wood products,B4615C,797,812,805,788,730,740,777,822,847,841,847,877,897,882
16,        Furniture and fixtures,B4616C,517,530,529,517,477,484,495,515,524,520,531,542,560,570
17,"        Stone, clay, and glass products",B4617C,561,578,576,565,531,519,525,543,546,561,561,567,570,579
18,        Primary metal industries,B4618C,736,766,770,755,722,684,677,695,702,707,707,712,697,696
19,        Fabricated metal products,B4619C,1395,1423,1436,1416,1345,1324,1337,1390,1442,1447,1482,1513,1516,1536
20,        Industrial machinery and equipment,B4620C,2046,2109,2126,2089,2019,1935,1935,1994,2082,2094,2164,2206,2132,2104
21,        Electronic and other electric equipment,B4621C,1763,1757,1740,1674,1588,1524,1521,1572,1614,1654,1683,1697,1655,1705
22,        Motor vehicles and equipment,B4622C,849,848,847,818,780,816,832,894,962,960,975,994,1017,1017
23,        Other transportation equipment,B4623C,1166,1187,1201,1184,1104,1017,920,851,817,821,856,903,872,836
24,        Instruments and related products,B4624C,961,1017,1006,981,953,911,881,853,835,849,860,864,841,836
25,        Miscellaneous manufacturing industries,B4625C,404,423,430,410,404,405,423,436,423,434,439,434,427,425
26,      Nondurable goods,A4626C,7744,7860,7898,7884,7747,7680,7755,7844,7790,7639,7612,7553,7410,7268
27,        Food and kindred products,B4627C,1589,1591,1594,1610,1624,1609,1631,1651,1655,1661,1673,1669,1676,1670
28,        Tobacco products,Q4628C,54,54,51,51,49,47,45,43,41,40,40,39,36,34
29,        Textile mill products,B4629C,716,718,710,689,659,662,670,674,660,631,618,597,555,535
30,        Apparel and other textile products,B4630C,1081,1068,1065,1026,992,984,977,993,945,875,826,770,704,614
31,        Paper and allied products,Q4631C,673,680,688,690,684,682,685,687,688,678,679,674,666,653
32,        Printing and publishing,B4632C,1462,1539,1558,1574,1532,1485,1513,1543,1550,1519,1541,1555,1538,1529
33,        Chemicals and allied products,B4633C,1018,1055,1066,1080,1076,1070,1064,1040,1033,1026,1021,1025,1025,1027
34,        Petroleum and coal products,B4634C,160,156,153,156,156,154,149,145,142,139,135,135,131,125
35,        Rubber and miscellaneous plastics products,B4635C,848,856,874,875,855,870,903,952,968,971,991,1006,1001,1007
36,        Leather and leather products,B4636C,143,143,139,133,120,117,118,116,108,99,88,83,78,74
37,    Transportation and public utilities,Q4637C,5455,5602,5668,5747,5725,5699,5869,6035,6177,6321,6476,6656,6849,7004
38,      Transportation,Q4638C,3345,3483,3565,3575,3568,3574,3741,3908,4042,4180,4285,4439,4567,4634
39,        Railroad transportation,Q4639C,276,268,262,246,237,229,221,216,222,208,205,208,208,198
40,        Local and interurban passenger transit,B4640C,332,359,370,375,377,382,414,437,434,450,488,494,509,495
41,        Trucking and warehousing\3\,Q4641C,1665,1538,1541,1504,1511,1530,1608,1713,1773,1851,1878,1952,2016,2046
42,        Water transportation,B4642C,177,173,176,180,186,171,175,179,182,176,182,189,189,196
43,        Transportation by air\3\,B4643C,574,808,858,907,896,893,929,960,1002,1051,1067,1123,1164,1216
44,"        Pipelines, except natural gas",Q4644C,18,18,18,18,19,19,19,17,15,15,14,13,13,13
45,        Transportation services,B4645C,303,319,340,345,342,350,375,386,414,429,451,460,468,470
46,      Communications,Q4646C,1200,1199,1181,1228,1206,1176,1186,1197,1225,1264,1325,1365,1423,1520
47,        Telephone and telegraph,Q4647C,883,877,851,883,868,838,842,846,853,875,938,959,1009,1086
48,        Radio and television,Q4648C,317,322,330,345,338,338,344,351,372,389,387,406,414,434
49,"      Electric, gas, and sanitary services",Q4649C,910,920,922,944,951,949,942,930,910,877,866,852,859,850
50,    Wholesale trade,B4650C,5985,6136,6375,6306,6163,6166,6105,6288,6517,6550,6701,6883,6976,7062
51,    Retail trade,B4651C,16782,17221,17757,17851,17426,17441,17997,18613,19157,19532,19929,20078,20620,21118
52,"    Finance, insurance, and real estate",A4652C,6912,7014,7047,7135,7062,6990,7138,7226,7181,7270,7383,7593,7757,7795
53,      Depository institutions,Q4653C,2161,2150,2160,2157,2069,2005,1990,1974,1938,1923,1927,1934,1928,1903
54,      Nondepository institutions,B4654C,361,360,358,372,378,406,461,487,468,509,565,644,692,669
55,      Security and commodity brokers,B4655C,501,493,475,471,462,487,530,568,595,619,649,701,762,839
56,      Insurance carriers,Q4656C,1380,1398,1420,1465,1487,1470,1469,1475,1461,1458,1471,1521,1532,1506
57,"      Insurance agents, brokers, and service",B4657C,738,775,780,810,818,794,821,825,825,840,842,846,838,862
58,      Real estate,B4658C,1555,1611,1619,1620,1598,1587,1622,1650,1656,1682,1691,1708,1765,1773
59,      Holding and other investment offices,B4659C,216,227,235,240,250,241,245,247,238,239,238,239,240,243
60,    Services,A4660C,25917,27151,28577,29549,30028,30609,31799,32960,34290,35585,37050,38511,39640,41109
61,      Hotels and other lodging places,B4661C,1349,1420,1472,1493,1449,1425,1450,1488,1517,1548,1588,1620,1676,1733
62,      Personal services,B4662C,1538,1603,1580,1553,1631,1674,1704,1689,1730,1756,1745,1757,1782,1849
63,      Business services,B4663C,4663,5078,5391,5708,5580,5584,6039,6563,7111,7654,8250,8970,9538,10182
64,"      Auto repair, services, and parking",B4664C,1148,1192,1218,1237,1208,1226,1280,1287,1304,1412,1434,1438,1468,1502
65,      Miscellaneous repair services,B4665C,544,561,572,592,549,563,595,580,596,581,595,603,567,562
66,      Motion pictures,B4666C,395,411,451,461,460,468,474,505,558,583,608,640,654,650
67,      Amusement and recreation services,B4667C,858,883,960,1003,1008,1066,1135,1217,1250,1330,1406,1403,1448,1533
68,      Health services,B4668C,6600,6729,7085,7393,7709,8076,8329,8526,8721,8958,9165,9282,9395,9525
69,      Legal services,B4669C,971,1024,1053,1024,1049,1047,1059,1080,1066,1041,1093,1115,1105,1109
70,      Educational services,B4670C,1521,1546,1591,1602,1643,1743,1796,1843,1896,1943,1987,2081,2147,2246
71,      Social services and membership organizations,A4671C,3187,3410,3567,3774,4102,3824,3948,4192,4365,4477,4658,4859,5041,5217
72,        Social services,B4672C,1772,1890,1957,2096,2236,2188,2260,2482,2598,2672,2795,2911,3039,3165
73,        Membership organizations,B4673C,1415,1520,1610,1678,1866,1636,1688,1710,1767,1805,1863,1948,2002,2052
74,      Other services\4\,B4674C,2412,2582,2812,2898,2837,3055,3140,3169,3341,3474,3687,3861,3957,4168
75,      Private households,B4675C,731,712,825,811,803,858,850,821,835,828,834,882,862,833
76,  Government,A4376C,17237,17642,18045,18372,18422,18338,18281,18290,18396,18408,18532,18701,18844,19101
77,    Federal,A4377C,5314,5336,5354,5345,5260,5060,4829,4659,4527,4376,4270,4205,4162,4171
78,      General government,A4378C,4489,4487,4498,4486,4411,4240,4047,3866,3724,3575,3477,3417,3370,3391
79,        Civilian,B4379C,2121,2156,2176,2221,2198,2181,2135,2051,1986,1913,1870,1846,1821,1844
80,        Military\5\,B4380C,2368,2331,2322,2265,2213,2059,1912,1815,1738,1662,1607,1571,1549,1547
81,      Government enterprises,B4381C,825,849,856,859,849,820,782,793,803,801,793,788,792,780
82,    State and local,A4382C,11923,12306,12691,13027,13162,13278,13452,13631,13869,14032,14262,14496,14682,14930
83,      General government,A4383C,11129,11499,11862,12171,12295,12442,12598,12735,12946,13104,13326,13548,13726,13961
84,        Education,B4384C,5648,5918,6112,6252,6310,6381,6484,6601,6774,6892,7075,7234,7372,7572
85,        Other\2\,B4385C,5481,5581,5750,5919,5985,6061,6114,6134,6172,6212,6251,6314,6354,6389
86,      Government enterprises\2\,B4386C,794,807,829,856,867,836,854,896,923,928,936,948,956,969
87,Rest of the world\6\,A4387C,-66,-75,-83,-82,-82,-78,-365,-411,-409,-377,-404,-401,-441,-396
,,,,,,,,,,,,,,,,
1. Equals the number of full-time equivalent employees plus the number of self-employed persons. Unpaid family workers are not included.,,,,,,,,,,,,,,,,
"2. Beginning with 1990, reflects the reclassification of employees of Indian tribal governments from the private sector to state and local government.",,,,,,,,,,,,,,,,
3. Reflects the reclassification of air couriers from trucking and warehousing to transportation by air.,,,,,,,,,,,,,,,,
"4. Consists of museums, botanical and zoological gardens; engineering and management services; and services, not elsewhere classified.",,,,,,,,,,,,,,,,
5. Includes Coast Guard.,,,,,,,,,,,,,,,,
"6. Beginning with 1993, includes estimates of foreign professional workers and undocumented Mexican migratory workers employed temporarily in the United States.",,,,,,,,,,,,,,,,
Note. Estimates in this table are based on the 1987 Standard Industrial Classification (SIC).,,,,,,,,,,,,,,,,
