Item,1929,1930,1931,1932,1933,1934,1935,1936,1937,1938,1939,1940,1941,1942,1943,1944,1945,1946,1947,1948,1949,1950,1951,1952,1953,1954,1955,1956,1957,1958,1959,1960,1961,1962,1963,1964,1965,1966,1967,1968,1969,1970,1971,1972,1973,1974,1975,1976,1977,1978,1979,1980,1981,1982,1983,1984,1985,1986,1987,1988,1989,1990,1991,1992,1993,1994,1995,1996,1997,1998,1999,2000,2001,2002,2003,2004,2005,2006,2007,2008,2009,2010,2011,2012,2013,2014,2015,2016,2017,2018,2019,2020,2021,2022,2023,2024
Gross domestic product,104556,92160,77391,59522,57154,66800,74241,84830,93003,87352,93437,102899,129309,165952,203084,224447,228007,227535,249616,274468,272475,299827,346914,367341,389218,390549,425478,449353,474039,481229,521654,542382,562209,603922,637450,684460,742289,813414,859959,940651,1017615,1073303,1164850,1279110,1425376,1545243,1684904,1873412,2081826,2351599,2627333,2857307,3207041,3343789,3634038,4037613,4338979,4579631,4855215,5236438,5641580,5963144,6158129,6520327,6858559,7287236,7639749,8073122,8577552,9062817,9631172,10250952,10581929,10929108,11456450,12217196,13039197,13815583,14474228,14769862,14478067,15048971,15599732,16253970,16880683,17608138,18295019,18804913,19612102,20656516,21539982,21375281,23725645,26054614,27811517,29298013
 Personal consumption expenditures,77382,70136,60672,48714,45945,51461,55932,62188,66839,64272,67209,71288,81072,89002,99903,108648,119977,144198,161852,174878,178333,192044,208339,219320,232740,239608,258288,271128,286296,295606,317130,331180,341475,362557,382035,410632,442973,479919,506685,556852,603639,646724,699937,768153,849575,930161,1030547,1147666,1273975,1422252,1585420,1750667,1933951,2071256,2281605,2492340,2712830,2886278,3076279,3330012,3576758,3808994,3943449,4197559,4451984,4720965,4962590,5244596,5536790,5877248,6283758,6767179,7073801,7348941,7740749,8231960,8769066,9277236,9746594,10050083,9891218,10260256,10698857,11047363,11388233,11874450,12297438,12726849,13290626,13934442,14437543,14231353,16119682,17690013,18833150,19896009
   Goods,43770,38164,31709,24127,23756,28483,31628,35969,38373,36006,37921,40632,47448,51026,56332,60531,67624,86245,99429,107420,108081,116830,124748,128785,134835,135766,147398,152154,159602,161568,172607,177015,178808,188969,198154,212252,229675,249619,258991,284617,304678,318794,342116,373815,416635,451538,491334,546305,600384,663567,737938,799794,869368,899290,973783,1063700,1137609,1195627,1256297,1337309,1423805,1491301,1497434,1563268,1642347,1746554,1815533,1917671,2006506,2108439,2287062,2453172,2525593,2598805,2722597,2902021,3082923,3239655,3367031,3363221,3180022,3317825,3518121,3637739,3742183,3886577,3955130,4033036,4212214,4414208,4532817,4708625,5499445,5938667,6115666,6261530
     Durable goods,9829,7661,5911,3959,3762,4564,5493,6749,7393,6123,7168,8287,10268,7630,7471,7743,9098,17114,21833,24453,26623,32445,31739,31243,34616,33713,40745,40169,42027,39530,44888,45625,44206,49465,54228,59556,66390,71745,73981,84828,90483,89988,102446,116444,130527,130177,142165,168624,191963,213348,226340,226391,243938,253032,295031,342156,380365,421439,442022,475053,494330,497079,477183,508081,551532,607171,635738,676295,715530,779293,855568,912572,941515,985368,1017801,1080574,1128610,1158333,1188043,1098761,1012121,1048962,1093499,1144221,1191786,1247260,1315794,1356495,1415911,1488831,1523644,1621700,1991864,2077929,2141043,2178085
     Nondurable goods,33941,30503,25798,20169,19994,23919,26135,29221,30980,29883,30754,32345,37180,43395,48861,52788,58525,69131,77596,82966,81457,84384,93009,97542,100219,102053,106653,111985,117575,122038,127719,131390,134602,139504,143927,152696,163285,177874,185009,199788,214195,228806,239670,257371,286108,321361,349170,377680,408421,450218,511598,573402,625430,646258,678753,721545,757244,774188,814275,862256,929475,994222,1020252,1055186,1090814,1139382,1179795,1241376,1290976,1329146,1431493,1540600,1584078,1613437,1704797,1821447,1954313,2081322,2178988,2264460,2167901,2268862,2424622,2493518,2550398,2639317,2639336,2676541,2796304,2925377,3009173,3086925,3507581,3860738,3974623,4083445
   Services,33613,31972,28963,24587,22189,22978,24305,26218,28466,28266,29287,30655,33624,37976,43570,48117,52354,57953,62423,67459,70252,75215,83591,90535,97905,103842,110890,118973,126693,134038,144523,154165,162667,173588,183880,198380,213298,230300,247695,272236,298960,327931,357821,394338,432939,478623,539213,601361,673591,758686,847482,950874,1064583,1171966,1307821,1428640,1575221,1690651,1819982,1992703,2152953,2317693,2446015,2634291,2809637,2974411,3147057,3326925,3530285,3768809,3996696,4314008,4548208,4750136,5018152,5329939,5686143,6037580,6379563,6686862,6711196,6942432,7180736,7409624,7646050,7987873,8342308,8693813,9078411,9520234,9904726,9522728,10620237,11751346,12717484,13634480
 Gross private domestic investment,17170,11428,6549,1819,2276,4296,7370,9391,12967,7944,10229,14579,19369,11762,7405,9180,12400,33128,37131,50347,39099,56530,62759,57274,60414,58070,73754,77685,76505,70947,85669,86477,86584,96977,103284,112150,129645,144188,142700,156923,173562,170049,196824,228140,266925,274526,257253,323224,396613,478377,539657,530098,631229,581034,637518,820089,829650,849146,892176,936963,999701,993448,944344,1013006,1106826,1256484,1317489,1432055,1595600,1736671,1887059,2038408,1934842,1930417,2027056,2281253,2534720,2700954,2673011,2477613,1929664,2165473,2332562,2621754,2838327,3073981,3288481,3278305,3467664,3724770,3893734,3763386,4246545,4844333,5023712,5259320
   Fixed investment,15630,11651,7661,4169,3680,4876,6230,8230,10341,8519,10021,12186,15039,9856,8151,10104,13877,27118,37681,44689,41791,50761,52848,53759,58466,60007,68767,73735,75728,71313,81752,83245,83610,90876,97663,107329,120398,130552,132834,147871,164389,168048,188569,219034,251048,260536,263509,306109,374289,452586,521673,536430,601420,595947,643269,754684,807826,842575,865027,918481,972008,978903,944738,996678,1086012,1192700,1286316,1401255,1524674,1672952,1826243,1983864,1973126,1910443,2012961,2217186,2477207,2631965,2639060,2506855,2080435,2111555,2286300,2550542,2732850,2989189,3148359,3239237,3434990,3668362,3820778,3793858,4219673,4663096,4970003,5205774
     Nonresidential,11560,9184,5762,3294,2955,3833,4829,6403,8180,6279,6871,8543,10823,7502,6583,8608,12054,19163,25473,28881,26950,30017,34187,34901,38768,38565,43364,49748,53097,48491,53124,56389,56599,61233,64808,72229,85235,97174,99207,107672,120013,124638,130416,146635,172726,191070,196776,219346,259060,314576,373832,406910,472938,485099,482156,564320,607750,607763,615237,662280,715993,739234,723584,741937,799204,868853,962247,1043194,1149088,1254144,1364477,1498432,1460067,1352848,1375880,1467369,1620986,1793801,1948563,1990871,1690432,1734981,1907465,2118527,2221312,2425155,2507504,2528995,2661100,2856471,2993653,2873312,3087241,3484561,3855957,4022935
       Structures,5491,4448,2619,1392,1091,1234,1433,1878,2706,2124,2217,2557,3250,2241,1770,2369,3336,7381,8137,9526,9178,9957,11954,12224,13570,13865,15157,18180,18950,17629,18149,19568,19715,20778,21199,23737,28321,31349,31511,33557,37699,40287,42679,47173,54983,61237,61350,65915,74578,93584,117701,136170,167314,177564,154344,177397,194518,176527,174202,182790,193716,202917,183606,172572,177151,186768,207270,224583,250265,276004,285724,321005,333510,286986,286605,307653,352958,425186,510302,571107,455817,379784,404457,479435,491463,574608,584524,566206,594900,636633,677866,624609,627872,755106,926792,934799
       Equipment,5492,4180,2643,1460,1436,2098,2833,3881,4770,3401,3883,5167,6443,4065,3671,5002,7285,9945,15316,17280,15732,17799,19874,19694,21531,20812,23888,26343,28561,24876,28345,29679,28904,32056,34367,38684,45779,53023,53693,58532,65163,66404,69059,78885,95062,104316,107615,121242,148665,180634,208062,216386,240852,234862,246470,291874,307905,317693,320919,346816,372160,371891,360849,381698,425141,476380,528128,565309,610859,660014,713626,766088,711517,659640,670618,721896,794894,862283,893432,845381,670261,777027,881274,983401,1035250,1109086,1144101,1119782,1159953,1227620,1240901,1112497,1196318,1305765,1404659,1484254
       Intellectual property products,577,556,500,442,428,501,563,644,704,754,771,819,1130,1196,1142,1237,1433,1837,2020,2075,2040,2261,2359,2983,3667,3888,4318,5225,5586,5986,6630,7142,7979,8399,9243,9808,11135,12802,14003,15582,17152,17947,18678,20577,22681,25517,27811,32189,35817,40358,48068,54354,64773,72674,81343,95048,105327,113543,120116,132674,150117,164426,179129,187667,196912,205705,226849,253303,287964,318126,365127,411339,415040,406222,418656,437819,473134,506332,544828,574384,564354,578170,621733,655691,694599,741461,778879,843007,906246,992217,1074887,1136206,1263051,1423690,1524507,1603882
     Residential,4071,2467,1899,875,724,1043,1400,1826,2161,2239,3151,3643,4216,2353,1568,1496,1823,7955,12209,15808,14841,20744,18661,18858,19699,21442,25403,23987,22631,22823,28628,26856,27011,29643,32855,35100,35163,33378,33627,40199,44375,43411,58153,72399,78322,69467,66733,86762,115229,138010,147841,129520,128482,110848,161113,190364,200077,234812,249790,256200,256014,239669,221153,254741,286808,323847,324069,358061,375585,418807,461766,485432,513059,557594,637082,749817,856221,838164,690497,515984,390004,376575,378836,432015,511538,564034,640855,710242,773891,811892,827125,920546,1132432,1178535,1114045,1182839
   Change in private inventories,1539,-223,-1112,-2351,-1404,-580,1141,1161,2626,-575,208,2393,4330,1906,-746,-924,-1477,6011,-551,5659,-2692,5769,9911,3514,1948,-1937,4987,3950,777,-366,3917,3232,2974,6101,5621,4821,9247,13636,9866,9053,9173,2001,8256,9107,15878,13990,-6256,17116,22324,25791,17984,-6331,29809,-14914,-5751,65405,21824,6571,27149,18482,27693,14546,-394,16328,20814,63785,31174,30799,70927,63719,60816,54544,-38284,19975,14094,64068,57513,68989,33950,-29241,-150772,53917,46262,71212,105477,84792,140123,39068,32674,56408,72955,-30472,26872,181237,53709,53546
 Net exports of goods and services,383,323,1,43,58,322,-213,-147,78,966,833,1471,1033,-252,-2246,-2024,-766,7182,10807,5487,5235,738,2513,1164,-701,404,478,2361,4075,538,397,4204,4913,4101,4939,6914,5618,3863,3555,1350,1431,3948,621,-3372,4111,-815,15977,-1631,-23094,-25367,-22545,-13056,-12520,-19974,-51642,-102727,-114018,-131869,-144770,-109393,-86741,-77855,-28614,-34738,-65173,-92487,-89761,-96376,-101971,-162711,-259550,-381073,-376747,-439745,-521955,-634141,-739903,-786453,-735933,-740870,-419153,-532309,-579617,-551617,-478453,-508900,-524320,-503272,-543328,-593077,-577290,-618554,-849233,-937889,-786496,-898460
   Exports,5939,4444,2906,1975,1987,2561,2769,3007,4039,3811,3969,4897,5482,4375,4034,4880,6781,14156,18740,15547,14484,12350,17099,16459,15313,15836,17677,21284,24017,20560,22725,27045,27602,29066,31074,35019,37146,40920,43467,47906,51922,59709,62963,70843,95269,126650,138706,149515,159349,186883,230129,280772,305239,283210,276996,302380,303211,320998,363943,444601,504289,551873,594931,633053,654799,720937,812810,867589,953803,952979,992910,1096111,1026812,997979,1035165,1176363,1301580,1470170,1659295,1835280,1582774,1857247,2115864,2217700,2287922,2378545,2270622,2235558,2388260,2538089,2539391,2163837,2568697,3036430,3073360,3215368
     Goods,5347,3929,2494,1667,1736,2238,2404,2590,3451,3243,3347,4124,4533,3389,2920,3589,5365,11764,16097,13265,12213,10203,14243,13449,12412,12929,14424,17556,19562,16414,16458,20453,20947,21709,23345,26767,27974,31089,32547,35721,38744,45037,46196,52586,75771,103494,112490,121484,128410,149907,187266,230428,245206,222550,214049,231286,227489,231447,265554,332054,374750,403265,430135,455308,467723,518371,592442,628785,699887,692565,711724,795054,739568,706582,733875,827975,919344,1043084,1159734,1291025,1057391,1272920,1468456,1529597,1563863,1616954,1496686,1447588,1546657,1669294,1644755,1421647,1747242,2070333,2024358,2057990
     Services,592,515,412,308,251,323,365,417,588,568,622,773,949,986,1114,1291,1416,2392,2643,2282,2271,2147,2856,3010,2901,2907,3253,3728,4455,4146,6267,6592,6655,7357,7729,8252,9173,9831,10920,12185,13178,14671,16767,18257,19498,23156,26216,28031,30939,36976,42863,50344,60033,60660,62947,71094,75722,89552,98389,112547,129539,148608,164795,177745,187076,202566,220369,238805,253916,260414,281187,301056,287244,291397,301290,348388,382236,427086,499561,544255,525382,584326,647408,688103,724059,761591,773936,787970,841603,868795,894635,742190,821455,966097,1049002,1157378
   Imports,5556,4121,2905,1932,1929,2239,2982,3154,3961,2845,3136,3426,4449,4627,6280,6904,7547,6974,7933,10060,9249,11612,14586,15295,16014,15432,17199,18923,19942,20022,22328,22841,22688,24965,26135,28104,31529,37057,39912,46556,50491,55760,62342,74216,91159,127465,122730,151146,182443,212250,252674,293828,317758,303184,328638,405107,417229,452867,508713,553993,591031,629728,623544,667791,719973,813424,902572,963966,1055774,1115690,1252460,1477184,1403559,1437724,1557120,1810504,2041482,2256623,2395228,2576151,2001927,2389555,2695480,2769317,2766375,2887445,2794942,2738830,2931589,3131166,3116681,2782391,3417930,3974319,3859856,4113828
     Goods,4463,3104,2120,1343,1510,1763,2462,2546,3181,2173,2409,2698,3416,2744,3442,3813,3893,5067,5973,7557,6874,9081,11176,10838,10975,10353,11527,12803,13291,12951,15310,15220,15053,16869,17713,19392,22247,26334,27761,33946,36813,40855,46550,56934,71843,104520,99000,124632,152629,177409,212787,248570,267814,250542,272677,336316,343295,370006,414768,452125,484792,508071,500720,544927,592761,676812,757449,807448,885654,930751,1051210,1251173,1176188,1198852,1299036,1513620,1722751,1900640,2002720,2148678,1588115,1947044,2231132,2293265,2293888,2389313,2289591,2218696,2369900,2559050,2516686,2305093,2839604,3256890,3092569,3267309
     Services,1093,1017,785,589,419,476,520,608,780,672,727,728,1033,1883,2838,3091,3654,1907,1960,2503,2375,2531,3410,4457,5039,5079,5672,6120,6651,7071,7018,7621,7635,8096,8422,8713,9282,10723,12151,12610,13678,14905,15792,17282,19316,22945,23730,26514,29814,34840,39887,45258,49944,52642,55961,68791,73934,82861,93945,101869,106239,121657,122824,122864,127212,136612,145123,156518,170120,184939,201251,226011,227371,238872,258084,296883,318732,355983,392507,427472,413812,442512,464349,476052,472487,498132,505351,520134,561688,572116,599995,477298,578326,717429,767287,846519
 Government consumption expenditures and gross investment,9622,10273,10169,8946,8875,10721,11151,13398,13119,14170,15165,15562,27836,65440,98023,108643,96396,43027,39827,43755,49808,50515,73304,89583,96765,92467,92958,98180,107163,114138,118458,120520,129237,140287,147193,154763,164053,185444,207018,225526,238984,252581,267468,286189,304765,341370,381128,404153,434331,476336,524802,589598,654381,711473,766557,827910,910516,976076,1031530,1078855,1151862,1238556,1298951,1344500,1364922,1402274,1449431,1492848,1547133,1611609,1719905,1826438,1950034,2089495,2210600,2338123,2475313,2623846,2790556,2983035,3076338,3155551,3147929,3136471,3132576,3168607,3233420,3303031,3397141,3590381,3785995,3999096,4208652,4458157,4741151,5041143
   Federal,1907,2017,2067,2006,2458,3457,3569,5777,5291,5915,6237,6837,19109,56699,89488,100086,87222,31986,25736,27041,30423,29418,49947,64815,70274,63255,61015,63115,68453,71521,73579,72875,77379,85518,87875,90256,93196,106575,120006,127963,131193,132805,134478,141646,146185,158835,173729,184800,200339,218922,240574,274870,313980,348336,382357,411805,452909,481658,502785,511440,534104,562377,582936,588453,580169,574684,576682,579159,583289,585515,610722,633069,670212,743097,826769,892123,947787,1001189,1051025,1151960,1220785,1300157,1299763,1287010,1227384,1217072,1222777,1237353,1266054,1346295,1419500,1524564,1604398,1640500,1765700,1892402
     National defense,1056,1090,1081,1051,999,944,1174,1401,1448,1513,1667,2791,15368,53491,86801,97272,84786,27995,21072,20887,22341,22649,43689,57413,61134,54448,52363,54958,59941,62220,60945,60901,64543,69701,70002,69728,70583,82471,95034,101357,102067,100710,97995,100714,102635,109894,117976,124952,134408,145181,160587,183405,213372,245404,272055,298764,329501,352359,372385,382101,391228,405007,414041,406465,391646,382114,377159,377261,371990,368753,383254,392570,413162,458932,521221,569878,609437,640814,679264,750336,787565,827971,833978,814175,764319,744053,730372,729434,748294,795065,849506,884863,909095,929596,1003971,1082721
     Nondefense,851,926,986,955,1459,2512,2395,4376,3843,4402,4570,4046,3741,3207,2687,2814,2435,3991,4663,6154,8082,6769,6258,7402,9140,8807,8653,8156,8513,9301,12633,11974,12836,15818,17873,20528,22613,24104,24972,26606,29126,32095,36483,40932,43550,48940,55753,59848,65931,73741,79987,91465,100608,102932,110302,113041,123408,129298,130400,129339,142876,157370,168896,181988,188523,192570,199523,201898,211299,216763,227468,240499,257050,284164,305548,322245,338350,360375,371761,401625,433220,472187,465785,472835,463065,473019,492405,507919,517761,551230,569993,639700,695303,710904,761729,809681
   State and local,7714,8256,8102,6940,6417,7264,7582,7622,7828,8256,8929,8725,8727,8742,8534,8558,9174,11041,14091,16714,19385,21097,23356,24768,26490,29212,31943,35065,38710,42617,44879,47645,51858,54768,59318,64507,70858,78869,87012,97563,107791,119776,132990,144544,158580,182536,207399,219353,233992,257414,284228,314728,340401,363137,384200,416106,457607,494418,528745,567416,617758,676179,716014,756047,784753,827591,872749,913688,963844,1026093,1109183,1193369,1279822,1346398,1383830,1446000,1527526,1622657,1739531,1831075,1855553,1855394,1848166,1849460,1905193,1951535,2010643,2065678,2131087,2244086,2366496,2474532,2604254,2817657,2975451,3148741
Gross domestic income,103822,92606,76653,59248,56636,66428,74471,83648,93048,86671,92148,101834,128991,166859,204909,221915,224176,226303,246753,274719,270731,298565,343468,364737,385426,387641,423348,451386,474395,480584,521454,543690,563124,603951,638918,684510,741547,808333,856600,937518,1016032,1067965,1155333,1271943,1419232,1537793,1671561,1852757,2062378,2328274,2582331,2813037,3169341,3335141,3577187,3996190,4284907,4499783,4811610,5233615,5573751,5867789,6065418,6404817,6703129,7147990,7547593,8016095,8567298,9119217,9660488,10346717,10698659,11010778,11480643,12245295,13096193,14025375,14461933,14578667,14286347,14979526,15624026,16407611,16910471,17749078,18387992,18752004,19544200,20593076,21482943,21254695,23687817,26055012,27485663,29001715
" Compensation of employees, paid",51407,47166,40070,31338,29786,34552,37666,43288,48309,45411,48551,52746,66181,88026,112714,124372,126368,122525,132292,144227,144276,158191,185691,201086,215252,214196,230641,249357,262654,264742,285910,301438,310566,332297,350471,376029,405410,449225,481760,530739,584436,623324,664974,731334,812696,887737,947273,1048384,1165887,1316864,1477302,1622345,1792681,1893175,2012662,2216083,2387539,2543845,2723761,2948854,3140886,3342680,3453267,3671211,3820610,4010207,4202178,4421067,4713220,5075701,5409932,5854629,6046343,6143368,6362296,6729301,7077721,7491255,7889369,8068679,7767191,7932969,8234013,8575371,8843638,9259655,9709535,9977096,10434978,10967687,11458472,11605744,12569557,13462215,14228378,15049121
   Wages and salaries,50459,46213,39156,30513,29026,33733,36721,41953,46138,43012,45983,49857,62079,82088,105802,116800,117557,112045,123028,135464,134675,147175,171593,185634,198996,197320,212221,229108,240029,241389,259923,273010,280663,299453,314914,337842,363752,400297,428979,471960,518311,551537,584528,638786,708775,772304,814881,899782,994220,1120669,1253385,1373520,1511529,1587709,1677686,1845126,1982765,2104117,2257623,2440649,2584336,2743506,2817229,2968506,3082660,3240604,3422112,3620594,3881246,4186179,4465176,4832430,4961629,5004096,5146959,5430827,5702993,6068318,6407285,6545949,6257281,6380110,6634020,6936133,7122593,7485778,7869599,8102227,8485016,8910107,9337004,9472949,10326157,11141606,11753395,12409992
       To persons,.....,.....,.....,.....,.....,.....,.....,.....,.....,.....,.....,.....,.....,.....,.....,.....,.....,.....,.....,135440,134620,147135,171484,185506,198861,197130,212016,228888,239810,241171,259689,272696,280352,299185,314673,337601,363561,400116,428796,471749,518096,551309,584281,638503,708467,771952,814481,899360,993756,1120166,1252884,1372957,1510862,1586977,1676939,1844296,1981904,2101427,2255273,2438787,2582034,2740027,2813188,2963745,3077520,3234646,3415843,3614288,3874574,4179179,4453680,4820551,4949123,4991274,5133597,5416279,5686583,6051670,6391173,6528731,6243370,6366580,6620077,6921822,7107381,7469829,7852904,8084909,8468063,8892882,9318094,9458516,10307882,11115106,11724009,12379217
       To the rest of the world,.....,.....,.....,.....,.....,.....,.....,.....,.....,.....,.....,.....,.....,.....,.....,.....,.....,.....,.....,24,55,40,109,128,135,190,205,220,219,218,234,314,311,268,241,241,191,181,183,211,215,228,247,283,308,352,400,422,464,503,501,563,667,732,747,830,861,2690,2350,1862,2302,3479,4041,4761,5140,5958,6269,6306,6672,7000,11496,11879,12507,12823,13361,14547,16410,16648,16113,17218,13912,13530,13943,14311,15212,15949,16695,17317,16954,17225,18910,14432,18276,26500,29386,30775
   Supplements to wages and salaries,948,953,914,825,760,819,945,1335,2171,2399,2568,2889,4102,5938,6912,7572,8811,10480,9264,8763,9601,11016,14098,15452,16256,16876,18420,20249,22625,23353,25987,28428,29903,32844,35557,38187,41658,48928,52781,58779,66125,71787,80446,92548,103921,115433,132392,148602,171667,196195,223917,248826,281152,305465,334976,370957,404774,439729,466139,508205,556550,599175,636038,702705,737949,769603,780066,800473,831974,889522,944757,1022200,1084714,1139272,1215337,1298474,1374728,1422938,1482083,1522730,1509910,1552859,1599993,1639238,1721044,1773876,1839937,1874870,1949962,2057580,2121468,2132796,2243400,2320608,2474983,2639130
 Taxes on production and imports,6824,6971,6669,6570,6864,7625,7990,8461,8941,8932,9146,9795,11054,11512,12431,13711,15095,16832,18106,19726,20904,22950,24745,27121,29101,28889,31467,34237,36616,37720,41052,44547,46968,50382,53386,57269,60709,63211,67937,76407,83856,91413,100493,107928,117220,124902,135292,146388,159664,170898,180101,200330,235644,240933,263281,289773,308133,323373,347545,374464,398867,424990,457091,483375,503126,545248,557903,580753,611614,639473,673585,708556,727690,760030,805616,868098,942438,997039,1036829,1049740,1026817,1063073,1103723,1136114,1185823,1237712,1273454,1309126,1363971,1457094,1533632,1521265,1700086,1834472,1861013,1954685
 Less: Subsidies,46,73,145,117,166,467,598,289,347,479,796,748,456,520,583,1041,1144,1359,398,540,498,843,1048,774,514,327,201,742,1132,1368,1058,1146,2014,2273,2234,2729,3007,3949,3811,4174,4534,4777,4675,6636,5230,3307,4494,5125,7100,8936,8531,9800,11473,15017,21304,21065,21360,24895,30282,29501,27428,26994,27488,30088,36681,32523,34812,35234,33810,36368,45209,45840,58710,41396,49057,46386,60911,51467,54584,52557,58347,55808,60008,58037,59720,58090,57192,61748,59875,63320,72956,698507,626071,127995,102252,94239
 Net operating surplus,.....,.....,.....,.....,.....,.....,.....,.....,.....,.....,.....,.....,.....,.....,.....,.....,.....,.....,.....,.....,.....,.....,.....,.....,.....,.....,.....,.....,.....,.....,130107,130950,136999,149448,159276,171552,190427,204536,207157,221189,227377,221168,245616,278308,315863,321568,354978,402881,454097,522253,559577,571731,665260,679086,759925,913003,970456,972164,1040201,1155301,1223169,1238581,1250156,1320074,1412576,1569450,1699943,1874202,2036948,2130673,2223244,2318144,2383827,2490794,2642691,2872444,3165894,3464382,3337568,3153837,3179409,3648901,3871930,4178614,4259127,4490116,4539256,4519421,4656172,4919011,5086280,5203344,6173457,6578945,6927802,7295448
   Private enterprises,35229,28327,20545,13120,12140,16289,20933,23387,26380,22766,25141,29465,40149,52932,62317,63530,60749,62614,67634,79979,73765,84874,96355,96699,98097,98903,112552,114408,117340,117036,129563,130483,136661,149050,158462,170686,189640,204148,206879,220736,227214,222202,247131,279244,317821,324014,359047,405267,457055,524631,562276,576212,669977,682503,761809,913870,968585,969623,1037453,1149745,1215911,1234853,1241938,1309630,1401145,1556794,1683436,1856448,2018869,2113799,2206415,2306690,2378169,2483221,2637571,2872089,3169343,3470287,3350439,3170564,3193964,3667447,3889771,4192260,4272770,4498591,4542103,4521575,4660424,4923603,5098420,5206406,6184389,6594957,6974720,7342908
"     Net interest and miscellaneous payments, domestic industries",4038,4256,4298,4086,3673,3807,3880,3651,3589,3571,3602,3327,3256,3181,2898,2486,2347,1800,2272,2378,2657,2968,3429,3868,4403,5172,5745,6445,7630,9043,9205,10146,11734,13380,14382,16480,18574,21320,24340,26515,33241,40236,44449,48975,57951,73598,85253,87058,101945,116037,139387,184013,233387,272993,286596,331112,352289,374824,378296,409716,463404,471110,438039,400982,389907,389644,408671,415889,455479,511833,518843,603736,627100,550295,518771,459037,574129,702095,813507,851777,706240,610260,574894,609967,552747,586693,661192,666724,720494,756397,754522,751128,698044,688984,647380,611088
     Business current transfer payments (net),511,467,538,579,515,502,506,533,524,410,435,451,527,545,642,812,891,692,715,707,688,824,1159,1199,1153,916,1298,1651,1823,1704,1656,1744,1899,2119,2527,3005,3485,3390,3628,4182,4799,4356,4158,4779,5741,6787,9036,9136,8081,10375,12753,13998,16914,19318,21681,29159,34060,35961,33292,32755,38266,39178,38890,39720,39388,40714,44967,52645,50061,64078,67684,85173,99226,80755,76048,81963,90641,79818,97247,112781,125118,126327,130122,95532,107299,135474,153909,162512,142925,155811,161396,146079,193174,252829,238648,286430
     Proprietors' income with inventory valuation and capital consumption adjustments,14015,10872,8315,5012,5268,7007,10124,10393,12521,10598,11120,12234,16650,23341,28225,29346,30824,35671,34579,39279,34690,37514,42594,43040,42017,42255,44272,45819,47785,50158,50346,50587,53199,55234,56398,59132,63662,67933,69475,73832,77005,77803,83904,95094,112521,112213,118238,130974,144492,165974,179438,171569,179680,171191,186250,228247,241051,256479,286468,325524,341130,353154,354162,400155,427984,456644,481186,543784,583958,640276,696352,753559,831057,870133,897509,962895,979140,1050869,995398,960304,938126,1108503,1228337,1299922,1351739,1369965,1347722,1349214,1428634,1495331,1555775,1599507,1818662,1868919,1941958,2023080
     Rental income of persons with capital consumption adjustment,6065,5371,4440,3599,2858,2516,2564,2684,2966,3480,3716,3847,4415,5454,6024,6337,6578,6899,6889,7484,7798,8779,9720,10816,12028,13061,13423,13668,14054,14798,15559,16463,17200,18046,18728,18831,19336,19910,20345,20096,20348,20664,21828,22719,23117,23181,22292,20308,15867,16545,16093,18978,23780,23833,24435,24652,26204,18268,16594,22492,21524,28168,38577,60573,90079,113667,124882,142528,147059,165206,178497,183476,202403,208448,227098,242781,221105,181120,186259,290275,347592,433671,506541,534468,578687,598502,601351,618723,642028,671488,688432,743428,776719,871106,1002484,1078149
"     Corporate profits with inventory valuation and capital consumption adjustments, domestic industries",10601,7361,2955,-156,-173,2457,3859,6126,6780,4707,6268,9606,15302,20411,24528,24549,20110,17552,23178,30132,27933,34790,39454,37777,38496,37498,47814,46825,46048,41334,52796,51543,52629,60271,66427,73239,84583,91594,89091,96111,91821,79144,92792,107678,118492,108236,124228,157790,186670,215700,214605,187655,216215,195169,242847,300699,314980,284091,322803,359258,351587,343243,372271,408200,453787,556125,623730,701602,782312,732405,745039,680747,618384,773589,918145,1125412,1304329,1456385,1258028,955428,1076888,1388685,1449878,1652370,1682298,1807956,1777928,1724401,1726343,1844577,1938296,1966263,2697790,2913118,3144250,3344161
       Taxes on corporate income,1365,842,498,383,521,744,951,1409,1502,1029,1441,2834,7610,11415,14074,12949,10689,9104,11193,12254,10010,17728,22304,19107,19944,17348,21789,21591,20880,18440,22816,21885,22203,23296,25491,26573,29768,32232,30992,37164,36958,31263,34808,39110,45632,47235,46264,59418,68504,77852,80737,75484,70315,51294,66419,81477,81610,91871,112702,124266,124422,121816,117813,131914,155047,172671,194449,211386,224762,221805,227386,233448,170148,160674,213763,278512,379749,430147,391782,255918,203933,272267,280763,334589,362418,406890,396125,376034,297156,297423,297195,311059,468876,600568,613010,680341
       Profits after tax with inventory valuation and capital consumption adjustments,9236,6519,2457,-539,-694,1713,2908,4717,5278,3678,4827,6772,7692,8996,10454,11600,9421,8448,11985,17878,17923,17062,17150,18670,18552,20150,26025,25234,25168,22894,29980,29658,30426,36975,40936,46666,54815,59362,58099,58947,54863,47881,57984,68568,72860,61001,77964,98372,118166,137848,133868,112171,145900,143875,176428,219222,233370,192220,210101,234992,227165,221427,254458,276286,298740,383454,429281,490216,557550,510600,517653,447299,448236,612915,704381,846901,924580,1026238,866246,699509,872955,1116418,1169115,1317781,1319880,1401066,1381803,1348367,1429187,1547154,1641101,1655204,2228914,2312550,2531240,2663820
         Net dividends,5573,5331,4070,2580,2040,2507,2685,4419,4538,2918,3582,3782,4200,4029,4208,4324,4372,5149,5707,6367,6599,8051,7663,7753,8094,8136,9151,9869,10399,10356,11619,12307,12193,13155,14442,16573,18171,19477,20237,22631,23422,23865,23694,25173,27448,29004,31786,35925,39627,46615,50978,59251,68438,72098,84246,89736,99909,103192,103163,113617,147709,168590,177803,178473,201111,220391,250774,283461,312727,344361,333669,383651,362060,379443,422953,517519,318392,637938,677861,660852,516582,514546,633083,765393,858891,898271,965924,953732,1043492,418955,937773,1167415,1544530,1644556,1741153,1880004
         Undistributed corporate profits with inventory valuation and capital consumption adjustments,3663,1188,-1613,-3119,-2734,-794,223,298,740,760,1245,2990,3492,4967,6246,7276,5049,3299,6278,11511,11324,9011,9487,10917,10458,12014,16874,15365,14769,12538,18361,17351,18233,23820,26494,30093,36644,39885,37862,36316,31441,24016,34290,43395,45412,31997,46178,62447,78539,91233,82890,52920,77462,71777,92182,129486,133461,89028,106938,121375,79456,52837,76655,97813,97629,163063,178507,206755,244823,166239,183984,63648,86176,233472,281428,329382,606188,388300,188385,38657,356373,601872,536032,552388,460989,502795,415878,394636,385695,1128198,703328,487789,684384,667994,790086,783816
   Current surplus of government enterprises,.....,.....,.....,.....,.....,.....,.....,.....,.....,.....,.....,.....,.....,.....,.....,.....,.....,.....,.....,.....,.....,.....,.....,.....,.....,.....,.....,.....,.....,.....,545,467,338,398,814,866,788,388,278,453,163,-1034,-1515,-936,-1958,-2446,-4068,-2385,-2958,-2377,-2699,-4481,-4717,-3417,-1884,-867,1871,2541,2748,5557,7258,3728,8218,10444,11431,12656,16507,17754,18079,16874,16829,11454,5658,7573,5121,355,-3449,-5905,-12871,-16728,-14556,-18546,-17842,-13646,-13643,-8475,-2847,-2154,-4253,-4592,-12141,-3062,-10931,-16012,-46918,-47460
 Consumption of fixed capital,10409,10217,9514,8338,8012,8430,8480,8801,9767,10042,10103,10577,12062,14911,18031,21341,23107,25690,29121,31326,32284,33394,37726,40606,43488,45981,48893,54127,58919,62454,65445,67901,70604,74100,78018,82390,88008,95311,103557,113357,124896,136839,148926,161011,178686,206894,238510,260226,289832,327196,373882,428432,487231,536963,562624,598394,640137,685295,730385,784496,838258,888532,932393,960247,1003498,1055610,1122381,1175306,1239325,1309737,1398934,1511225,1599511,1657984,1719098,1821841,1971053,2124170,2252751,2358968,2371277,2390391,2474368,2575548,2681603,2819685,2922938,3008109,3148953,3312603,3477516,3622850,3870788,4307374,4570723,4796699
   Private,9411,9221,8550,7465,7042,7288,7324,7509,8371,8580,8590,8976,9950,11246,11539,12038,12507,14247,17735,20820,22590,24334,27746,29544,31344,32958,34995,38811,42259,44910,46819,48209,49781,51795,54158,57276,61568,67172,73327,80603,89433,98260,107635,117493,131492,153159,178790,196512,221127,252115,290733,334977,381932,420392,438788,463516,496410,531572,566309,607913,649619,688396,721456,742886,778210,822507,880728,929111,987753,1052165,1132208,1231511,1311709,1361824,1411966,1497124,1622632,1751846,1852444,1931948,1928510,1933238,1997214,2081931,2176593,2301350,2397865,2475581,2599066,2737301,2879704,3005721,3211856,3578376,3800377,3992907
   Government,998,996,964,873,970,1142,1156,1293,1396,1462,1513,1601,2112,3665,6492,9303,10600,11444,11386,10505,9694,9060,9979,11062,12144,13022,13897,15316,16660,17544,18625,19693,20823,22305,23860,25114,26440,28139,30230,32754,35463,38579,41291,43517,47194,53735,59720,63714,68705,75081,83149,93454,105299,116571,123836,134879,143727,153723,164076,176583,188639,200135,210937,217361,225288,233102,241653,246195,251572,257571,266725,279713,287802,296160,307133,324717,348421,372324,400307,427020,442767,457152,477154,493618,505010,518335,525074,532528,549888,575302,597812,617129,658932,728998,770345,803792
 Addendum:,,,,,,,,,,,,,,,,,,,,,,,,,,,,,,,,,,,,,,,,,,,,,,,,,,,,,,,,,,,,,,,,,,,,,,,,,,,,,,,,,,,,,,,,,,,,,,,,
   Statistical discrepancy,735,-446,737,273,518,373,-231,1182,-45,681,1289,1065,318,-907,-1825,2533,3832,1231,2864,-250,1743,1262,3447,2604,3792,2909,2130,-2033,-357,645,200,-1309,-915,-29,-1467,-50,743,5081,3358,3133,1583,5338,9517,7167,6144,7450,13343,20655,19448,23325,45003,44270,37700,8648,56850,41423,54072,79848,43605,2823,67828,95355,92712,115510,155430,139247,92156,57027,10255,-56401,-29316,-95765,-116730,-81670,-24194,-28099,-56997,-209792,12294,191195,191720,69445,-24295,-153641,-29787,-140940,-92973,52909,67902,63440,57039,120586,37828,-397,325854,296298
