Production Account Gross Output (Millions of dollars),,,,,,,,,,,,,,,,,,,,,,,,,,,,
Industry Description,1997,1998,1999,2000,2001,2002,2003,2004,2005,2006,2007,2008,2009,2010,2011,2012,2013,2014,2015,2016,2017,2018,2019,2020,2021,2022,2023,2024
Farms,225737,218352,218526,224274,232320,213127,242041,274245,274465,269734,315413,338205,308042,331437,389142,412925,446481,450305,412359,391213,405644,407519,409164,429589,492669,590504,579956,572741
"Forestry, fishing, and related activities",38181,41682,45062,38956,38697,39248,41093,45091,46288,47419,44050,44003,40917,45131,48479,46255,49143,55709,54275,50720,52896,52414,50378,53326,60855,64386,67079,67211
Oil and gas extraction,94780,69945,82699,138514,137663,113253,161251,185111,241674,248485,266000,369703,220229,295269,359632,348584,397668,431581,233328,193426,245652,334159,304780,203338,404962,629177,449793,438824
"Mining, except oil and gas",54837,54088,51606,53142,53346,52991,55647,65430,81947,98339,101816,113162,102650,109726,127074,120956,110535,112464,102010,92870,99472,103746,103282,94545,113483,132546,136966,135721
Support activities for mining,22057,23364,17501,20841,29150,24778,29475,41663,60870,86806,94761,109851,72247,82538,97721,125893,127860,165397,135217,72904,106714,131755,135350,76106,76194,98435,115287,110289
Utilities,245078,250688,296907,354778,433304,304662,321358,329306,391865,394846,423222,495637,407341,464563,454314,430685,453462,489852,462796,441047,444787,485109,487132,463236,562181,664187,607677,603774
Construction,708465,778908,840851,913010,955921,968998,1038503,1156993,1285916,1352218,1337485,1274339,1097598,1015549,1019255,1074205,1157431,1263170,1393821,1506878,1576110,1659950,1729982,1802224,1983169,2201188,2386100,2508497
Wood products,88474,91746,98024,94442,87406,89915,92153,105560,114422,114180,102728,88738,65790,71803,72850,80314,89862,96567,99699,103095,108335,120229,112245,123582,163205,179094,173126,173952
Nonmetallic mineral products,85801,91582,95633,97640,94345,95187,96476,102288,113123,125683,128373,114320,89948,92270,93971,99194,105673,113284,118749,124718,127184,131272,134923,133141,145472,166677,173157,175089
Primary metals,168196,166558,156556,155635,136885,139128,137643,181790,202431,233003,256290,280217,167120,235616,281411,269109,263249,265653,228255,204294,222749,254439,235798,198831,281586,316931,307520,301892
Fabricated metal products,243484,254314,256965,268849,252309,246634,244054,259993,287730,316428,342629,357390,280370,295538,326443,342813,349558,359961,352405,342536,345651,372593,376651,345725,390627,451853,454285,458799
Machinery,268967,277350,275785,294399,264749,246697,250044,265586,298710,323479,346685,353740,285188,318487,368892,404338,397319,410780,381705,357499,378037,389432,390876,352046,390937,436052,443039,436395
Computer and electronic products,460907,464478,486393,548425,462484,390008,387704,397947,407463,425687,444092,422888,349965,358554,361357,353949,351764,347081,346598,347172,353926,366227,366807,365899,380304,402032,398775,411954
"Electrical equipment, appliances, and components",111180,114484,116677,124824,110255,100556,97676,102212,108549,117073,126194,126946,103018,109423,118900,123542,123912,127619,127393,123126,124407,128201,131674,127339,142196,169310,187004,193119
"Motor vehicles, bodies and trailers, and parts",431748,449490,505200,483762,460679,478779,490037,507219,524340,524973,514419,424869,343121,434483,498588,516548,554320,598690,632467,625880,596957,637796,649956,576163,666646,716465,785913,770569
Other transportation equipment,155578,183969,180330,161792,181284,175701,172044,176799,205968,213938,263578,269202,248078,248928,258621,290733,303456,320887,325241,301513,335465,352759,328385,282726,280763,310359,363210,376961
Furniture and related products,63544,68414,70811,75837,73046,75583,75229,78326,84207,86323,85647,76911,59611,57236,57227,65700,67443,69631,74743,75784,76239,76644,74141,69981,74983,83784,83538,84552
Miscellaneous manufacturing,110492,116036,114988,128626,118781,126725,131685,133778,148399,156223,159463,169557,161296,159695,161937,156473,166345,161683,165036,157626,158621,167066,166469,157134,174828,176215,175103,177699
Food and beverage and tobacco products,519592,528171,526059,543612,562689,554459,584826,614941,644925,651429,704238,762672,748051,774189,830558,870159,896907,928718,927768,928970,929860,934092,956185,981905,1064534,1189629,1211466,1238463
Textile mills and textile product mills,89094,87627,86536,85039,76615,75349,72305,73670,77025,71655,64413,56483,46360,49800,52862,51779,53579,55227,52792,51490,49714,50728,49906,45850,51108,50308,47284,46827
Apparel and leather and allied products,87176,79023,75938,75303,58742,50827,44867,39169,40230,39164,29818,26681,24375,23259,24893,19231,19392,18989,18439,18496,15696,16921,17316,17130,19098,17372,19799,21862
Paper products,149171,153094,155507,163593,154890,152309,148655,152885,159949,167450,174117,177262,160469,169306,175586,179137,184744,185816,184388,179235,185180,190087,190820,180063,196558,217236,217341,218686
Printing and related support activities,98306,100984,103773,107129,104032,99685,95402,96263,98915,100713,103448,99104,83990,83746,84183,83032,83306,82598,82355,85862,83873,83156,81099,74121,77860,87696,84515,84346
Petroleum and coal products,175708,136543,160373,232873,217940,214140,245866,324816,461946,536658,606212,733197,482259,607612,816564,833030,833140,767048,499949,430822,538316,668410,597248,353721,609988,880998,724774,649257
Chemical products,417075,421816,429895,454226,446281,470965,491159,546142,610260,659685,728216,734970,620921,715205,779618,790592,826233,824302,775600,764526,777544,820244,801665,763102,893059,949571,968909,990617
Plastics and rubber products,158697,163323,172238,178810,170209,173264,176023,182685,198060,209603,206210,198630,167866,186601,200651,216332,223918,231061,233712,231139,237346,252258,249604,234261,274808,300476,295550,297324
Wholesale trade,631094,651345,701456,752496,733743,763759,795365,876560,955196,1034956,1108407,1165378,1007364,1199483,1356529,1473477,1562695,1661050,1706136,1722497,1843169,1941063,1965921,1882131,2246909,2570389,2567806,2629509
Retail trade,754039,782822,837249,876743,870080,921419,976603,1050225,1087801,1140473,1171300,1117405,1061445,1140454,1167825,1228237,1306197,1380868,1485963,1561919,1636647,1715106,1756519,1831095,2197300,2392649,2456584,2527001
Air transportation,107383,106869,111515,123829,113981,100898,113736,119735,129082,139928,146843,157400,133020,151002,180645,181456,187506,198707,200262,201227,214601,230432,247637,116286,176664,268179,283238,299488
Rail transportation,39039,38751,39444,40089,40533,41654,42493,46916,52892,59328,61731,69493,56283,68474,77341,80198,83643,89922,83533,76810,81045,88326,86225,77233,87669,97559,95647,95998
Water transportation,24414,24438,25530,27097,26945,26197,30197,35785,37981,42441,47322,50770,43060,46960,48956,50384,50495,54386,51554,50792,54799,59579,60588,39368,40343,66599,71592,77194
Truck transportation,161676,173689,185393,198127,198960,202747,208496,230638,255540,272329,278564,283196,230875,251038,277870,297253,308193,335832,336714,337094,366619,400761,408849,413023,489759,576603,527619,526269
Transit and ground passenger transportation,24130,26337,26192,25894,26675,27242,27865,33161,36827,42118,44669,44810,44272,44373,48550,50225,55561,62217,66041,67257,77284,94269,108355,72104,86487,117732,144065,176504
Pipeline transportation,24218,24099,24101,23179,22639,22116,22325,23010,22801,24210,25701,31203,27261,31147,34935,36377,38858,42052,44121,45116,47995,55515,61509,59253,63923,69509,71290,73123
Other transportation and support activities,85350,95534,105986,117949,121416,125125,129924,141966,152199,167090,178299,177594,154752,165482,178841,187014,195895,210604,221748,228060,238420,256320,264172,287118,354854,395931,349700,354422
Warehousing and storage,26309,28598,31057,33779,36296,39656,45218,49645,53120,61439,68973,76831,78544,88401,97537,108809,110329,111099,112131,118107,123701,129729,134781,137306,158674,178203,180326,188312
"Publishing industries, except internet (includes software)",190092,213340,237745,258575,261061,263829,260890,278832,291130,303492,310042,311893,287360,288233,297066,295194,309616,325052,327687,356703,384124,398614,417087,443714,496890,551776,594587,650245
Motion picture and sound recording industries,88454,95582,103494,113814,120397,122394,129785,128715,132197,134228,134522,128536,120577,127191,125613,128824,132499,134144,140460,146688,147978,159963,164470,146160,166825,193370,200457,205261
Broadcasting and telecommunications,382851,424095,480634,535650,551524,546515,543487,554042,576166,601158,622248,643612,636647,659085,680866,704337,723630,764426,788783,829586,824711,847101,853849,853690,895873,915194,900348,900261
"Data processing, internet publishing, and other information services",45802,50382,63584,70118,73488,80564,81928,88931,95959,108194,117677,137496,142680,161836,187872,220706,239950,260625,289220,322115,363706,426629,479693,535078,658514,739031,792191,887224
"Federal Reserve banks, credit intermediation, and related activities",392945,429046,476505,527093,547093,580925,613184,630483,673708,703062,716051,699711,698998,691105,692174,760854,812969,873971,904544,973365,1055893,1109630,1117416,1145451,1192444,1242630,1370201,1420519
"Securities, commodity contracts, and investments",205594,243407,291869,356515,312246,285832,307339,343876,380885,445811,500487,456388,435509,453531,451292,477490,510015,540738,540926,529677,548036,578426,606617,630534,719501,718822,826321,930911
Insurance carriers and related activities,340485,363944,380227,410190,428938,450097,493435,541443,590215,619900,675376,698937,629011,645692,709721,780308,817587,882108,930715,945090,1019265,1057869,1105642,1142840,1201859,1298811,1384351,1496709
"Funds, trusts, and other financial vehicles",56149,65392,74595,89916,80928,71399,70253,80600,88165,97915,114334,118349,99868,108975,113813,117259,139259,145987,165097,158068,157323,149131,147338,155878,180683,184883,222070,264623
Real estate,1267784,1339352,1423618,1536538,1634772,1745175,1856255,2037434,2264127,2346716,2412964,2425871,2391104,2471563,2526567,2632973,2776311,2892701,3050753,3200601,3317520,3475052,3673516,3779327,4184035,4559767,4953566,5238937
Rental and leasing services and lessors of intangible assets,145375,165517,182974,204507,204028,196116,212927,224707,243576,254718,261843,281105,243529,260606,275979,288957,309093,330570,324995,330294,336471,366799,388931,390661,510067,573103,630520,649989
Legal services,152627,166126,176522,183341,195657,204755,225416,233929,245253,257636,270089,277255,272771,278485,289321,297144,296337,303297,314496,319777,339319,342677,354406,357496,389615,412822,426032,461439
Computer systems design and related services,122860,152363,184679,208874,203524,198304,196329,200087,216217,228604,254806,279594,277482,302572,328060,350973,361767,387503,397392,429598,471319,513988,526087,545086,602968,667505,700141,725136
"Miscellaneous professional, scientific, and technical services",518229,563632,608233,673152,695250,708574,732598,791361,855450,917472,993842,1046576,996806,1023348,1078261,1119678,1142182,1205809,1259243,1302321,1367904,1456102,1566725,1588092,1788765,1987542,2129858,2262334
Management of companies and enterprises,194766,221233,239707,259727,259079,261243,280025,320114,354070,382868,432622,431693,399376,421189,445417,477631,491699,517330,540941,539764,567114,599346,630003,638339,694607,748078,784290,855850
Administrative and support services,306368,349832,382408,420366,416028,411497,431783,466695,510049,545678,584917,598585,555269,585662,623673,656820,685680,753617,803663,870560,933280,1009892,1077705,1014808,1137139,1302034,1315837,1327842
Waste management and remediation services,41464,45925,50126,52136,52785,52833,56618,61292,65984,72599,75527,78465,73798,81258,81906,82141,85438,92468,94877,103578,113865,121537,126170,126450,139836,152018,162668,174691
Educational services,112743,121343,129382,141225,155105,165798,176119,184865,194622,212965,236071,256714,272909,292234,305737,308874,318581,328841,338905,349066,356593,368571,382175,352434,374176,416540,447304,494369
Ambulatory health care services,387595,407360,425151,451910,491832,528863,566153,606656,642162,671070,707116,744763,772557,802284,832729,868116,871410,907088,957418,1013806,1070868,1107597,1160606,1107428,1245933,1351357,1480083,1623303
Hospitals and nursing and residential care facilities,364678,389857,407176,430846,465487,509281,544579,578399,622294,662888,699813,747832,794989,829950,870929,916859,943185,962337,1017421,1056957,1084854,1127834,1186153,1171922,1267462,1364771,1469212,1598457
Social assistance,61339,66049,73495,82828,93315,100180,106041,109733,116456,123946,133490,144821,152944,162110,163923,169000,174010,183811,194616,208316,223508,235261,246728,252514,277316,301662,332177,352390
"Performing arts, spectator sports, museums, and related activities",57331,62193,66474,73059,80033,87861,94079,97301,102341,112051,121747,126743,128382,129087,131484,139431,145631,156801,168278,177043,192947,206140,218634,164160,203409,262331,281866,312772
"Amusements, gambling, and recreation industries",65179,65874,70035,71909,73412,72616,79095,86555,91111,101467,109702,110388,105616,106133,109439,112582,117428,122560,129256,135888,143617,150918,159784,125474,165198,193282,214852,227924
Accommodation,108266,114949,124299,140055,134757,137768,140581,151942,164612,173487,177627,182506,167434,169896,181799,196692,206427,223798,237108,246553,258207,271419,279649,160412,220684,302205,340869,345621
Food services and drinking places,289400,306419,322261,347204,361751,381789,400920,424948,445992,470155,487789,497714,494556,510832,544678,577933,600865,639425,692411,726944,765141,807492,852004,723834,954200,1099568,1216605,1279013
"Other services, except government",346454,378162,395932,419114,435661,451474,461869,480262,489398,514924,527493,541454,512922,526002,539128,565864,576265,614884,638599,669635,695484,727148,761764,717808,794005,911116,1002878,1074219
Federal,632930,629704,645586,658493,733803,793250,888159,957984,1052538,1120488,1149547,1213012,1225644,1289119,1308361,1330939,1309964,1317714,1315349,1327718,1346474,1449253,1521027,1579329,1739747,1865265,1929140,2007605
State and local,1306026,1371727,1449564,1517919,1712794,1810085,1927890,2047770,2272322,2452503,2577739,2645502,2581645,2618823,2670011,2781160,2941909,3051840,3128853,3220229,3332936,3611927,3794287,3821742,4278856,4871831,4995435,5142399
,,,,,,,,,,,,,,,,,,,,,,,,,,,,
,,,,,,,,,,,,,,,,,,,,,,,,,,,,
,,,,,,,,,,,,,,,,,,,,,,,,,,,,
