Integrated Total Factor Productivity* (2017=100),,,,,,,,,,,,,,,,,,,,,,,,,,,,
Industry Description,1997,1998,1999,2000,2001,2002,2003,2004,2005,2006,2007,2008,2009,2010,2011,2012,2013,2014,2015,2016,2017,2018,2019,2020,2021,2022,2023,2024
Farms,86.415999999999997,85.778999999999996,84.643000000000001,90.024000000000001,88.924000000000007,90.954999999999998,94.703999999999994,96.167000000000002,98.730999999999995,97.784999999999997,92.600999999999999,92.997,98.570999999999998,97.218000000000004,95.06,93.048000000000002,96.183000000000007,95.021000000000001,99.034000000000006,101.858,100,102.27800000000001,98.932000000000002,99.367999999999995,101.893,101.322,101.66800000000001,105.744
"Forestry, fishing, and related activities",91.992000000000004,92.188999999999993,92.664000000000001,94.566999999999993,103.349,105.822,108.488,108.471,107.962,106.55500000000001,99.587000000000003,99.046000000000006,101.732,97.543000000000006,97.147999999999996,99.86,96.012,96.91,96.551000000000002,98.111000000000004,100,98.099000000000004,96.384,106.193,102.949,97.043999999999997,101.63500000000001,107.485
Oil and gas extraction,68.194000000000003,69.578000000000003,66.31,58.033000000000001,63.246000000000002,69.725999999999999,61.616,60.848999999999997,60.393000000000001,65.543000000000006,69.19,65.597999999999999,82.679000000000002,70.174000000000007,69.088999999999999,76.802999999999997,77.498999999999995,81.632000000000005,98.043000000000006,103.36499999999999,100,96.262,109.229,117.896,107.029,98.215000000000003,125.491,129.607
"Mining, except oil and gas",113.34099999999999,123.607,127.79,129.72,129.00700000000001,127.86499999999999,131.15299999999999,127.46,126.994,126.73399999999999,125.017,115.364,114.309,117.254,112.64100000000001,102.706,103.03700000000001,100.431,97.144000000000005,97.656999999999996,100,98.141999999999996,97.820999999999998,105.374,104.101,99.257999999999996,99.694999999999993,96.191000000000003
Support activities for mining,58.604999999999997,58.456000000000003,60.941000000000003,72.915999999999997,90.456999999999994,82.25,86.617000000000004,90.241,94.968999999999994,108.22499999999999,110.07599999999999,113.057,100.18899999999999,103.867,110.59,107.9,109.148,115.001,98.665999999999997,85.619,100,115.264,110.4,100.246,115.203,128.88300000000001,134.191,136.166
Utilities,97.867999999999995,95.114999999999995,102.91500000000001,102.685,93.885999999999996,96.171000000000006,96.227000000000004,99.778000000000006,96.730999999999995,99.405000000000001,99.003,100.38800000000001,96.221999999999994,102.571,104.646,104.873,103.086,99.403999999999996,98.881,101.11799999999999,100,97.328000000000003,96.754999999999995,99.355000000000004,95.912000000000006,94.727999999999994,96.617999999999995,96.376000000000005
Construction,112.301,111.483,110.16800000000001,110.80800000000001,108.88500000000001,107.526,107.795,107.566,105.46899999999999,101.33799999999999,99.66,97.17,97.222999999999999,97.167000000000002,97.275999999999996,97.277000000000001,97.613,97.332999999999998,97.962000000000003,98.611999999999995,100,99.168999999999997,98.763999999999996,98.849000000000004,98.650999999999996,94.466999999999999,93.713999999999999,94.918999999999997
Wood products,87.477000000000004,87.216999999999999,86.192999999999998,86.757999999999996,87.620999999999995,89.046000000000006,89.760999999999996,88.534000000000006,90.488,90.415000000000006,93.167000000000002,93.994,95.671999999999997,98.555000000000007,102.152,102.749,102.21599999999999,98.114999999999995,99.616,100.17700000000001,100,97.665000000000006,97.430999999999997,101.24299999999999,98.085999999999999,95.355999999999995,99.902000000000001,99.555000000000007
Nonmetallic mineral products,99.676000000000002,98.903999999999996,98.807000000000002,97.515000000000001,96.813000000000002,97.366,100.482,102.125,103.517,99.013000000000005,98.921999999999997,97.950999999999993,94.091999999999999,96.966999999999999,99.048000000000002,100.21299999999999,102.178,101.39100000000001,100.381,98.721000000000004,100,99.706000000000003,100.503,100.411,101.818,98.334000000000003,92.924999999999997,91.007000000000005
Primary metals,82.792000000000002,84.947999999999993,86.989000000000004,87.23,88.304000000000002,91.347999999999999,92.215999999999994,94.322999999999993,91.954999999999998,89.513999999999996,89.700999999999993,90.715999999999994,92.766000000000005,92.385000000000005,93.406000000000006,96.638000000000005,98.51,97.858000000000004,100.336,103.047,100,99.263000000000005,101.753,106.628,103.10599999999999,104.765,110.17100000000001,112.456
Fabricated metal products,103.366,101.309,101.252,102.872,99.894000000000005,100.066,103.58799999999999,104.66,105.06100000000001,105.32899999999999,106.383,105.075,98.55,102.468,103.285,102.962,101.54900000000001,100.788,98.835999999999999,97.843999999999994,100,100.91800000000001,100.01600000000001,98.608999999999995,99.301000000000002,96.176000000000002,93.247,91.668000000000006
Machinery,94.231999999999999,96.233000000000004,93.956999999999994,94.25,92.671000000000006,93.399000000000001,95.552000000000007,99.194000000000003,101.98699999999999,103.69799999999999,105.00700000000001,105.407,100.22499999999999,105.22199999999999,108.542,107.71599999999999,106.685,104.67400000000001,100.04900000000001,97.441000000000003,100,101.39400000000001,100.374,98.131,102.57599999999999,99.171000000000006,97.674000000000007,97.522000000000006
Computer and electronic products,29.370999999999999,32.262999999999998,35.459000000000003,41.113,41.377000000000002,44.906999999999996,51.88,55.994,59.944000000000003,65.563999999999993,70.866,76.164000000000001,78.379000000000005,84.393000000000001,85.588999999999999,86.988,88.685000000000002,91.412000000000006,95.191000000000003,96.805999999999997,100,104.548,105.87,109.971,115.39400000000001,111.13500000000001,109.813,110.04300000000001
"Electrical equipment, appliances, and components",92.965999999999994,86.938999999999993,90.045000000000002,91.346000000000004,91.751999999999995,94.025000000000006,98.132999999999996,95.983000000000004,97.41,102.782,99.403000000000006,102.193,97.507999999999996,99.9,97.617000000000004,97.614000000000004,102.139,98.671000000000006,103.63200000000001,98.653999999999996,100,99.201999999999998,96.798000000000002,96.617999999999995,98.528999999999996,93.748999999999995,90.771000000000001,92.191000000000003
"Motor vehicles, bodies and trailers, and parts",85.662999999999997,87.772000000000006,87.545000000000002,87.933999999999997,87.332999999999998,90.484999999999999,93.498000000000005,93.683000000000007,95.608999999999995,98.466999999999999,98.441000000000003,94.774000000000001,85.373999999999995,95.66,100.15,100.166,100.514,100.419,99.3,99.581000000000003,100,99.994,99.932000000000002,98.549000000000007,101.155,104.374,102.812,103.021
Other transportation equipment,86.638000000000005,87.311000000000007,89.781000000000006,87.668000000000006,89.873999999999995,89.176000000000002,89.33,88.629000000000005,92.599000000000004,92.483999999999995,97.605000000000004,95.582999999999998,94.631,97.165000000000006,98.465000000000003,96.631,98.019000000000005,98.68,100.05500000000001,98.768000000000001,100,101.538,101.11499999999999,96.046000000000006,100.31,100.39700000000001,105.366,103.94199999999999
Furniture and related products,100.869,100.164,100.494,100.971,98.218000000000004,98.129000000000005,98.63,101.101,103.178,104.82599999999999,102.489,99.908000000000001,95.001999999999995,98.076999999999998,98.179000000000002,96.739000000000004,98.224999999999994,98.936999999999998,101.431,100.879,100,100.98,100.127,99.778999999999996,100.166,97.858000000000004,94.319000000000003,96.465999999999994
Miscellaneous manufacturing,86.162000000000006,87.603999999999999,89.003,90.313000000000002,88.494,91.141000000000005,93.05,94.082999999999998,96.182000000000002,98.563999999999993,99.004000000000005,101.36799999999999,103.902,107.172,104.81699999999999,103.328,100.995,100.372,96.623999999999995,98.402000000000001,100,101.98099999999999,97.948999999999998,100.242,104.13500000000001,101.65,100.822,100.867
Food and beverage and tobacco products,100.54900000000001,100.18300000000001,100.142,99.391000000000005,100.041,98.272000000000006,100.06399999999999,100.688,100.652,103.008,103.193,101.658,102.702,101.32599999999999,100.383,99.596999999999994,100.416,100.467,100.76,98.974000000000004,100,99.216999999999999,97.581000000000003,97.876000000000005,98.968999999999994,99.284000000000006,98.834000000000003,98.542000000000002
Textile mills and textile product mills,88.600999999999999,89.408000000000001,91.096999999999994,93.49,92.724000000000004,93.266000000000005,91.561000000000007,98.597999999999999,98.484999999999999,98.531000000000006,99.769000000000005,100.07599999999999,96.335999999999999,97.751999999999995,94.988,97.6,99.518000000000001,101.39400000000001,99.866,100.143,100,98.340999999999994,97.796999999999997,98.037000000000006,100.88200000000001,97.302000000000007,97.472999999999999,98.028999999999996
Apparel and leather and allied products,89.394999999999996,88.885000000000005,89.210999999999999,92.076999999999998,91.623999999999995,92.091999999999999,92.117000000000004,94.102999999999994,94.227000000000004,93.641999999999996,91.498000000000005,95.724000000000004,92.960999999999999,97.48,98.962999999999994,95.930999999999997,98.911000000000001,98.706000000000003,94.748999999999995,96.99,100,102.248,103.41800000000001,110.495,122.148,119.342,121.363,126.74
Paper products,100.645,98.855000000000004,100.58499999999999,99.515000000000001,96.537999999999997,98.74,100.209,103.232,102.61799999999999,105.288,103.679,100.79,104.7,102.42,101.218,101.569,102.334,102.605,103.298,102.379,100,101.908,103.523,107.10299999999999,104.804,100.756,100.474,100.491
Printing and related support activities,75.991,77.271000000000001,77.715999999999994,79.608999999999995,81.492000000000004,85.043999999999997,86.900999999999996,88.218000000000004,89.378,90.376000000000005,91.542000000000002,92.668000000000006,90.515000000000001,92.590999999999994,95.16,96.343999999999994,97.924999999999997,97.665000000000006,98.540999999999997,99.899000000000001,100,102.32299999999999,100.19199999999999,99.504000000000005,102.134,96.228999999999999,92.555000000000007,91.828000000000003
Petroleum and coal products,97.436999999999998,100.664,99.51,100.34099999999999,105.259,100.8,111.608,116.968,116.151,111.532,111.70699999999999,112.37,111.001,105.76900000000001,101.989,99.942999999999998,101.18,101.982,101.377,97.977999999999994,100,100.349,103.125,95.346999999999994,100.837,99.103999999999999,102.181,107.759
Chemical products,112.663,109.72499999999999,111.20099999999999,110.877,110.14,112.236,112.17,114.791,112.22,115.628,117.292,112.226,111.163,113.69199999999999,109.629,106.309,106.479,104.806,102.22199999999999,102.551,100,104.048,99.793000000000006,102.074,103.94799999999999,102.724,101.687,105.90900000000001
Plastics and rubber products,91.704999999999998,92.347999999999999,94.381,96.421000000000006,95.379000000000005,95.581999999999994,98.1,100.735,100.621,98.456999999999994,99.355999999999995,95.858999999999995,99.201999999999998,100.532,99.772999999999996,100.242,99.688000000000002,98.572999999999993,100.938,100.529,100,100.572,100.325,99.516999999999996,99.334999999999994,94.948999999999998,94.245000000000005,94.248999999999995
Wholesale trade,90.963999999999999,93.718000000000004,94.284000000000006,95.369,94.677000000000007,95.751999999999995,99.69,100.959,102.258,100.548,101.584,101.039,97.025999999999996,100.05800000000001,98.852000000000004,99.745999999999995,99.539000000000001,100.604,102.11799999999999,100.875,100,99.948999999999998,99.44,102.121,99.06,95.956000000000003,94.376000000000005,93.453999999999994
Retail trade,81.486999999999995,86.75,86.292000000000002,87.16,89.783000000000001,91.888000000000005,94.206999999999994,93.721000000000004,94.932000000000002,94.912999999999997,92.06,91.054000000000002,91.286000000000001,92.622,91.561999999999998,90.832999999999998,93.423000000000002,93.66,95.241,97.984999999999999,100,102.658,105.32299999999999,105.045,102.57899999999999,100.137,106.247,112.70399999999999
Air transportation,86.028999999999996,81.421999999999997,81.503,73.587000000000003,62.353000000000002,64.457999999999998,68.573999999999998,74.637,76.995999999999995,82.495000000000005,86.3,85.409000000000006,86.894999999999996,92.644000000000005,91.960999999999999,90.793000000000006,93.218999999999994,93.489000000000004,93.474999999999994,96.466999999999999,100,102.72199999999999,102.36499999999999,79.218999999999994,99.043999999999997,104.55200000000001,103.94199999999999,104.765
Rail transportation,80.221999999999994,83.284000000000006,86.32,89.606999999999999,92.430999999999997,90.134,94.894999999999996,96.653999999999996,96.840999999999994,99.397000000000006,97.915000000000006,100.745,96.501999999999995,98.444999999999993,96.92,97.486000000000004,97.558999999999997,98.977000000000004,99.481999999999999,97.956000000000003,100,101.4,99.209000000000003,95.334000000000003,101.28100000000001,101.842,99.138999999999996,98.98
Water transportation,93.575999999999993,90.926000000000002,85.646000000000001,86.230999999999995,86.423000000000002,79.111999999999995,78.790000000000006,82.256,84.593000000000004,95.79,103.206,108.911,117.902,109.333,111.767,112.288,119.735,115.38500000000001,107.996,101.77200000000001,100,101.697,100.113,100.419,110.255,98.367000000000004,98.912999999999997,100.565
Truck transportation,97.974999999999994,97.263999999999996,97.649000000000001,98.852000000000004,97.569000000000003,95.73,97.850999999999999,96.435000000000002,95.539000000000001,95.864000000000004,95.584000000000003,93.954999999999998,93.837000000000003,96.700999999999993,96.903000000000006,95.594999999999999,95.539000000000001,96.477999999999994,96.748000000000005,96.77,100,100.045,99.156999999999996,98.507000000000005,101.346,95.712000000000003,96.061000000000007,99.015000000000001
Transit and ground passenger transportation,99.2,99.974000000000004,104.637,108.075,105.77800000000001,103.557,107.32599999999999,109.434,107.84399999999999,107.90600000000001,107.07,108.779,105.023,104.13800000000001,105.04300000000001,111.023,110.65900000000001,112.724,107.78100000000001,101.414,100,101.913,109.09699999999999,112.54600000000001,120.15,123.95,131.72800000000001,139.84700000000001
Pipeline transportation,67.256,79.825999999999993,83.594999999999999,79.751999999999995,108.429,80.343999999999994,81,81.709000000000003,78.462000000000003,76.353999999999999,78.611999999999995,83.561000000000007,75.804000000000002,86.135000000000005,86.046999999999997,94.381,90.498999999999995,92.004000000000005,101.931,100.61799999999999,100,102.76900000000001,86.501999999999995,82.241,84.06,81.367000000000004,81.635000000000005,82.789000000000001
Other transportation and support activities,102.461,104.605,101.047,105.473,105.73,109.36,113.2,115.857,119.57299999999999,119.935,110.92100000000001,110.64400000000001,107.197,108.71899999999999,106.07599999999999,102.627,100.053,99.438000000000002,99.16,99.97,100,100.664,99.462000000000003,100.03400000000001,98.265000000000001,96.575999999999993,100.593,94.343000000000004
Warehousing and storage,83.891000000000005,91.667000000000002,83.533000000000001,85.784000000000006,83.658000000000001,84.106999999999999,87.191000000000003,94.638999999999996,102.718,101.452,95.152000000000001,97.668999999999997,97.195999999999998,99.406999999999996,100.86499999999999,104.89400000000001,106,106.568,104.26,101.36799999999999,100,101.322,104.863,102.61,101.20099999999999,94.65,87.724000000000004,89.25
"Publishing industries, except internet (includes software)",69.796999999999997,72.587999999999994,79.230999999999995,69.27,67.778000000000006,72.754000000000005,76.265000000000001,79.448999999999998,81.471000000000004,77.283000000000001,84.191000000000003,82.567999999999998,80.703999999999994,85.174000000000007,85.888999999999996,87.445999999999998,89.893000000000001,91.308999999999997,91.956999999999994,95.391000000000005,100,102.559,109.545,114.27800000000001,127.57299999999999,126.80800000000001,131.267,132.37799999999999
Motion picture and sound recording industries,72.784999999999997,78.284000000000006,84.912000000000006,78.108999999999995,84.567999999999998,87.918000000000006,84.247,86.480999999999995,81.596999999999994,85.575999999999993,91.334000000000003,94.424000000000007,100.137,105.321,100.93600000000001,97.313999999999993,97.745000000000005,96.492999999999995,100.069,101.291,100,95.494,92.144000000000005,95.322999999999993,98.052999999999997,105.756,109.715,111.444
Broadcasting and telecommunications,78.977000000000004,79.311000000000007,78.858999999999995,78.299000000000007,77.034999999999997,77.631,79.558999999999997,83.664000000000001,89.659000000000006,90.978999999999999,95.504000000000005,97.548000000000002,93.53,94.183000000000007,92.251000000000005,91.69,94.954999999999998,92.912999999999997,97.656999999999996,99.977999999999994,100,100.012,101.755,99.206999999999994,99.977000000000004,98.156000000000006,98.412999999999997,97.512
"Data processing, internet publishing, and other information services",73.652000000000001,73.668000000000006,58.826999999999998,52.219000000000001,66.444000000000003,89.531000000000006,90.826999999999998,103.886,96.064999999999998,103.468,90.322000000000003,102.26300000000001,103.941,109.822,111.343,100.35899999999999,106.904,102.643,101.313,101.517,100,96.998000000000005,100.648,103.587,109.443,110.745,115.181,119.474
"Federal Reserve banks, credit intermediation, and related activities",109.21899999999999,112.66200000000001,119.551,116.608,112.28,116.34,110.74,104.077,105.09699999999999,101.75700000000001,95.870999999999995,100.14100000000001,114.876,109.78,115.952,120.756,113.41500000000001,114.461,110.97799999999999,105.22199999999999,100,95.646000000000001,96.799000000000007,99.225999999999999,102.72499999999999,97.256,95.632000000000005,95.965999999999994
"Securities, commodity contracts, and investments",104.393,99.819000000000003,98.504999999999995,103.22199999999999,124.018,115.101,109.485,109.515,115.66,120.411,107.861,86.677000000000007,114.55200000000001,110.789,99.647999999999996,110.39,107.45399999999999,96.489000000000004,94.334000000000003,98.668999999999997,100,96.694000000000003,93.959000000000003,95.85,95.31,98.391000000000005,97.744,96.811000000000007
Insurance carriers and related activities,90.631,92.512,89.135999999999996,95.388000000000005,89.611000000000004,84.216999999999999,85.745999999999995,90.197999999999993,92.754000000000005,94.814999999999998,99.349000000000004,91.361999999999995,91.953000000000003,92.12,92.433999999999997,92.899000000000001,89.561999999999998,98.623000000000005,103.405,103.111,100,99.593999999999994,101.40600000000001,96.594999999999999,96.953000000000003,99.650999999999996,97.887,96.441000000000003
"Funds, trusts, and other financial vehicles",110.702,116.80800000000001,118.815,110.068,109.795,106.438,105.34099999999999,106.202,108.91,108.745,102.898,97.662999999999997,92.897000000000006,96.013000000000005,97.25,101.09399999999999,105.29300000000001,108.026,103.136,97.521000000000001,100,95.825999999999993,96.040999999999997,95.462000000000003,107.985,94.733999999999995,93.186000000000007,91.948999999999998
Real estate,93.311000000000007,91.451999999999998,92.064999999999998,92.256,93.494,92.828999999999994,92.438000000000002,92.518000000000001,93.894999999999996,91.77,94.888000000000005,96.507999999999996,95.147000000000006,98.66,100.33,100.935,102.428,102.105,100.565,99.915999999999997,100,101.378,101.428,101.251,104.039,106.908,107.84099999999999,108.846
Rental and leasing services and lessors of intangible assets,140.834,137.732,132.48099999999999,121.05800000000001,122.759,118.114,113.887,108.379,105.02500000000001,109.54,103.039,105.01900000000001,99.727999999999994,99.885999999999996,99.77,100.506,99.462999999999994,98.194000000000003,99.587999999999994,101.036,100,101.54,102.628,104.678,111.331,114.57299999999999,120.254,122.494
Legal services,125.506,123.26,128.625,128.57400000000001,127.148,124.42,119.18899999999999,119.572,115.72199999999999,115.023,117.52200000000001,121.14,108.624,102.661,101.252,100.24299999999999,97.840999999999994,97.028999999999996,99.304000000000002,100.623,100,99.480999999999995,101.40600000000001,97.405000000000001,103.09699999999999,105.67400000000001,103.142,103.40300000000001
Computer systems design and related services,55.923000000000002,55.255000000000003,55.131999999999998,55.009,55.295999999999999,56.716999999999999,60.704000000000001,64.274000000000001,66.662000000000006,68.403000000000006,70.728999999999999,71.195999999999998,73.873999999999995,78.760999999999996,82.031000000000006,87.816000000000003,87.6,89.667000000000002,92.43,95.233999999999995,100,108.271,110.801,116.042,125.449,128.72300000000001,133.59299999999999,141.303
"Miscellaneous professional, scientific, and technical services",103.6,99.341999999999999,99.561999999999998,99.067999999999998,98.918000000000006,101.751,99.555999999999997,98.472999999999999,97.617999999999995,96.718999999999994,95.462999999999994,99.253,96.763000000000005,98.683000000000007,98.158000000000001,99.173000000000002,98.225999999999999,99.775999999999996,99.929000000000002,98.947000000000003,100,101.438,102.828,103.499,108.73,110.014,111.971,111.605
Management of companies and enterprises,106.133,101.983,100.798,101.41200000000001,106.404,108.764,110.861,103.789,103.27,100.60899999999999,97.364000000000004,95.524000000000001,89.724000000000004,91.85,90.960999999999999,94.263999999999996,94.253,96.834999999999994,96.444999999999993,95.816999999999993,100,102.023,105.05500000000001,106.67700000000001,111.28,115.376,116.13800000000001,118.205
Administrative and support services,93.763000000000005,89.950999999999993,89.459000000000003,90.884,92.822999999999993,92.442999999999998,95.313000000000002,97.105000000000004,99.945999999999998,98.751000000000005,100.663,101.73399999999999,101.294,101.69799999999999,102.261,101.52,100.52,100.333,99.221000000000004,97.924000000000007,100,101.744,102.861,101.461,104.768,106.83,106.91200000000001,106.271
Waste management and remediation services,99.185000000000002,98.587000000000003,100.839,101.86499999999999,101.851,102.499,104.012,101.94799999999999,103.858,100.236,102.399,102.554,102.411,112.92700000000001,103.375,102.94499999999999,101.202,101.021,100.96,96.715000000000003,100,98.96,97.004000000000005,95.713999999999999,99.78,99.656000000000006,95.251999999999995,93.322999999999993
Educational services,110.06399999999999,108.101,108.834,108.822,106.92100000000001,103.60599999999999,106.25,108.765,104.898,104.75700000000001,104.114,106.416,110.131,110.747,108.76900000000001,106.304,103.631,103.545,102.413,102.283,100,99.637,99.906999999999996,97.626000000000005,97.012,99.260999999999996,99.962000000000003,100.565
Ambulatory health care services,90.843000000000004,91.209000000000003,93.465000000000003,96.477999999999994,96.174999999999997,95.203000000000003,92.105999999999995,93.875,94.638999999999996,95.320999999999998,93.995000000000005,97.19,96.972999999999999,96.144999999999996,96.346999999999994,95.034000000000006,95.57,96.281000000000006,97.644999999999996,99.215000000000003,100,99.328999999999994,100.958,98.584999999999994,100.742,102.348,105.557,107.15600000000001
Hospitals and nursing and residential care facilities,98.864999999999995,98.409000000000006,99.566999999999993,99.155000000000001,98.933000000000007,99.662999999999997,100.02200000000001,101.349,101.084,101.53700000000001,100.545,102.258,103.73099999999999,102.259,101.568,100.506,100.16200000000001,100.596,100.76300000000001,99.947000000000003,100,98.986000000000004,98.56,98.117000000000004,99.396000000000001,100.175,99.042000000000002,98.683999999999997
Social assistance,103.05,103.13200000000001,104.631,105.47499999999999,105.32,103.407,106.654,105.218,105.458,103.28400000000001,101.916,101.779,100.602,100.29300000000001,98.472999999999999,99.537000000000006,100.611,101.503,100.571,100.24,100,99.200999999999993,98.924999999999997,98.36,96.353999999999999,99.741,98.078999999999994,99.507999999999996
"Performing arts, spectator sports, museums, and related activities",77.165999999999997,82.117000000000004,81.426000000000002,83.534999999999997,88.813999999999993,88.9,89.697999999999993,88.808000000000007,86.495000000000005,89.210999999999999,88.656999999999996,89.406999999999996,93.162999999999997,95.052000000000007,97.144999999999996,101.864,100.105,101.31699999999999,96.51,97.233999999999995,100,100.351,101.902,94.942999999999998,96.902000000000001,99.537000000000006,102.982,101.971
"Amusements, gambling, and recreation industries",107.78,101.902,102.28,104.947,96.825000000000003,96.293000000000006,95.384,97.849000000000004,98.415000000000006,98.596000000000004,101.07299999999999,99.634,97.840999999999994,102.212,102.70399999999999,102.34099999999999,101.592,101.279,99.932000000000002,99.006,100,98.831000000000003,98.168999999999997,90.323999999999998,98.462999999999994,100.639,98.543999999999997,97.519000000000005
Accommodation,93.308999999999997,93.334000000000003,94.212000000000003,95.125,93.367999999999995,94.518000000000001,94.733000000000004,98.622,96.141000000000005,96.361000000000004,94.751999999999995,91.034999999999997,85.766000000000005,88.938999999999993,93.070999999999998,92.97,95.281999999999996,95.35,99.474000000000004,97.97,100,99.209000000000003,100.494,96.649000000000001,110.839,107.259,110.373,111.32299999999999
Food services and drinking places,94.284999999999997,95.912000000000006,97.790999999999997,100.36799999999999,102.029,101.559,102.4,103.509,103.824,104.48699999999999,102.631,100.76300000000001,99.102999999999994,100.551,100.614,99.602000000000004,99.04,99.756,100.187,100.40300000000001,100,98.841999999999999,99.644000000000005,94.183999999999997,99.85,100.11199999999999,99.03,98.256
"Other services, except government",114.598,114.845,113.67,113.46599999999999,106.7,105.551,104.126,105.361,105.64700000000001,105.19799999999999,103.496,101.05800000000001,99.138000000000005,98.406999999999996,96.873999999999995,97.94,97.605000000000004,99.135000000000005,99.722999999999999,99.457999999999998,100,99.759,99.388999999999996,98.003,97.906000000000006,98.061000000000007,94.210999999999999,92.539000000000001
Federal,98.691000000000003,98.819000000000003,98.727000000000004,98.736999999999995,99.287999999999997,99.369,99.846999999999994,100.345,100.965,100.848,100.636,100.301,99.608000000000004,99.388000000000005,99.590999999999994,99.858000000000004,99.888000000000005,99.600999999999999,99.647000000000006,99.894000000000005,100,100.246,100.078,100.071,99.965999999999994,99.980999999999995,99.944999999999993,99.722999999999999
State and local,99.522999999999996,99.52,99.578000000000003,99.415000000000006,99.971000000000004,100.157,100.46,100.553,101.051,101.184,101.127,100.78400000000001,100.003,99.858999999999995,99.884,100.089,100.459,100.468,100.19,100.054,100,100.557,100.533,100.56399999999999,101.04300000000001,101.399,100.929,100.563
,,,,,,,,,,,,,,,,,,,,,,,,,,,,
Note:,,,,,,,,,,,,,,,,,,,,,,,,,,,,
* Integrated TFP estimates differ from official estimates produced by the BLS. See http://www.bls.gov/productivity/ for the official estimates.,,,,,,,,,,,,,,,,,,,,,,,,,,,,
