Quantity Index Labor Hours (2017=100),,,,,,,,,,,,,,,,,,,,,,,,,,,,
Industry Description,1997,1998,1999,2000,2001,2002,2003,2004,2005,2006,2007,2008,2009,2010,2011,2012,2013,2014,2015,2016,2017,2018,2019,2020,2021,2022,2023,2024
Farms,102.895,101.78400000000001,107.509,104.752,100.797,99.33,97.484999999999999,102.15600000000001,96.269000000000005,94.808999999999997,100.10299999999999,99.266000000000005,97.281000000000006,99.116,97.495000000000005,95.498999999999995,99.634,101.663,98.168000000000006,97.593000000000004,100,94.850999999999999,96.188999999999993,97.564999999999998,94.031999999999996,90.233999999999995,93.218000000000004,87.701999999999998
"Forestry, fishing, and related activities",80.129000000000005,82.855999999999995,87.194999999999993,86.347999999999999,81.09,77.825000000000003,77.918999999999997,76.376000000000005,76.811000000000007,93.355000000000004,96.626000000000005,95.751000000000005,84.418000000000006,92.007999999999996,90.945999999999998,91.667000000000002,95.122,96.524000000000001,104.61499999999999,103.633,100,108.64400000000001,113.044,102.062,101.295,112.19199999999999,113.789,108.45399999999999
Oil and gas extraction,104.798,100.77200000000001,94.24,84.14,81.855000000000004,76.495000000000005,76.484999999999999,85.76,84.343999999999994,92.685000000000002,96.727000000000004,109.271,105.42400000000001,106.068,125.15300000000001,142.982,144.857,143.465,131.55799999999999,116.15600000000001,100,99.614000000000004,103.95,87.167000000000002,77.128,83.804000000000002,86,89.698999999999998
"Mining, except oil and gas",136.74799999999999,130.52500000000001,129.38900000000001,120.176,118.59399999999999,107.846,106.616,111.50700000000001,117.727,124.441,125.934,124.587,111.51,110.276,119.93899999999999,121.655,115.51600000000001,118.93600000000001,111.19799999999999,102.142,100,105.504,109.914,95.141999999999996,96.415000000000006,101.182,101.679,104.73399999999999
Support activities for mining,64.123000000000005,60.918999999999997,52.43,55.906999999999996,64.251000000000005,55.204999999999998,56.912999999999997,64.33,74.385000000000005,88.155000000000001,100.538,107.64100000000001,88.441999999999993,97.033000000000001,116.17400000000001,128.751,133.76300000000001,151.09200000000001,121.76300000000001,87.745000000000005,100,117.584,116.547,78.314999999999998,79.332999999999998,91.581999999999994,96.712999999999994,89.757000000000005
Utilities,111.11499999999999,108.16,107.34399999999999,107.072,105.712,102.176,99.003,97.188999999999993,96.102000000000004,96.555000000000007,99.456000000000003,101.541,100.27200000000001,98.64,97.823999999999998,96.283000000000001,97.28,98.820999999999998,100.09099999999999,100.09099999999999,100,100.453,99.183999999999997,98.820999999999998,98.459000000000003,100.181,103.80800000000001,106.709
Construction,85.83,90.45,95.542000000000002,99.034000000000006,99.31,97.164000000000001,98.099000000000004,102.675,106.70699999999999,112.39700000000001,110.56699999999999,102.47,84.126999999999995,80.128,79.105000000000004,81.843000000000004,85.700999999999993,89.869,94.569000000000003,97.712000000000003,100,104.955,108.39100000000001,101.455,106.876,110.627,112.1,113.913
Wood products,152.52799999999999,156.77000000000001,159.98599999999999,155.886,144.09200000000001,136.05199999999999,133.65600000000001,136.22499999999999,138.43299999999999,135.50800000000001,125.41200000000001,111.508,85.697999999999993,84.546999999999997,84.582999999999998,85.337999999999994,89.378,92.388999999999996,95.087000000000003,98.331999999999994,100,102.069,106.258,96.108999999999995,101.998,104.916,104.166,102.72799999999999
Nonmetallic mineral products,123.83,124.53,126.11199999999999,127.36499999999999,125.881,119.244,113.084,117.76,115.806,120.334,118.363,110.117,89.941000000000003,85.870999999999995,85.921000000000006,88.484999999999999,89.869,92.542000000000002,95.263999999999996,96.91,100,99.650999999999996,101.294,94.403000000000006,94.228999999999999,99.04,100.21599999999999,99.503
Primary metals,174.255,171.369,168.173,167.791,149.797,133.31399999999999,124.80800000000001,124.044,124.48399999999999,125.096,119.873,117.125,90.263000000000005,97.143000000000001,106.85899999999999,109.92400000000001,107.80200000000001,108.515,107.286,100.387,100,104.52200000000001,106.663,91.870999999999995,92.819000000000003,96.572999999999993,97.727000000000004,95.242999999999995
Fabricated metal products,118.88,120.80800000000001,120.077,121.583,113.26,105.024,100.699,102.759,104.01600000000001,107.586,108.643,104.429,86.784999999999997,88.242999999999995,93.248999999999995,97.992000000000004,100.52,103.74,102.848,100.10899999999999,100,101.8,102.536,91.399000000000001,92.867000000000004,96.212999999999994,96.406999999999996,95.55
Machinery,138.78899999999999,138.05600000000001,133.506,131.88200000000001,121.066,106.824,100.14,103.071,104.001,106.604,107.642,107.836,90.391000000000005,90.921000000000006,98.138000000000005,101.43899999999999,101.55,104.843,103.04600000000001,98.56,100,102.166,103.101,92.756,95.087000000000003,100.76900000000001,100.139,98.075000000000003
Computer and electronic products,189.78899999999999,188.44900000000001,182.06399999999999,182.60900000000001,169.708,145.11699999999999,132.27000000000001,128.679,128.38200000000001,128.50899999999999,124.794,121.325,109.81699999999999,106.988,106.902,105.351,102.89100000000001,100.896,100.905,100.503,100,99.825000000000003,102.38200000000001,97.216999999999999,97.16,100.121,98.804000000000002,96.429000000000002
"Electrical equipment, appliances, and components",153.62,152.435,152.46100000000001,150.62799999999999,137.91900000000001,123.608,116.887,112.282,108.21,109.059,107.97499999999999,106.861,91.468000000000004,89.716999999999999,91.911000000000001,95.040999999999997,94.221999999999994,94.265000000000001,95.869,98.231999999999999,100,101.492,101.401,92.861000000000004,96.622,99.498999999999995,102.17400000000001,100.377
"Motor vehicles, bodies and trailers, and parts",127.306,124.96599999999999,132.982,131.08799999999999,117.124,113.75700000000001,109.041,108.821,105.414,102.925,96.231999999999999,83.582999999999998,62.116,68.587000000000003,71.997,80.177999999999997,85.308000000000007,90.108999999999995,94.533000000000001,98.635000000000005,100,103.339,101.325,86.424999999999997,95.03,101.13,103.41200000000001,101.33799999999999
Other transportation equipment,119.06399999999999,121.604,115.277,109.03,106.684,98.893000000000001,92.861000000000004,93.367000000000004,98.557000000000002,103.708,105.566,108.16,101.70099999999999,96.62,98.216999999999999,101.51600000000001,101.411,101.607,100.5,100.37,100,103.42,107.974,96.738,97.537999999999997,102.687,107.529,110.167
Furniture and related products,155.25299999999999,161.25299999999999,167.03700000000001,167.78200000000001,158.38399999999999,152.31299999999999,146.00200000000001,145.70500000000001,144.31,138.429,131.52500000000001,116.267,93.847999999999999,86.75,88.052000000000007,89.900999999999996,93.04,96.757000000000005,96.537000000000006,98.688999999999993,100,101.458,97.861999999999995,90.215999999999994,94.168999999999997,95.566999999999993,89.006,82.007999999999996
Miscellaneous manufacturing,125.85299999999999,124.29600000000001,122.82,120.649,117.65600000000001,112.29600000000001,108.77500000000001,109.72799999999999,108.312,108.911,107.607,106.753,98.04,94.388999999999996,94.936000000000007,97.043999999999997,96.706000000000003,98.183000000000007,101.105,100.95099999999999,100,101.134,104.602,93.495000000000005,97.98,101.81699999999999,102.82599999999999,101.619
Food and beverage and tobacco products,97.293000000000006,94.674000000000007,95.661000000000001,95.11,93.495999999999995,91.549000000000007,90.13,89.284999999999997,87.013000000000005,89.450999999999993,90.923000000000002,90.111999999999995,86.914000000000001,87.2,88.013999999999996,89.349000000000004,90.69,90.941000000000003,93.600999999999999,96.727999999999994,100,101.42700000000001,105.02800000000001,100.316,104.925,107.258,107.77800000000001,109.89400000000001
Textile mills and textile product mills,287.54700000000003,270.00900000000001,263.76499999999999,251.959,222.09800000000001,206.21700000000001,183.92500000000001,171.19200000000001,161.13300000000001,151.85400000000001,137.751,124.494,105.251,101.431,99.924000000000007,100.64100000000001,101.21,99.323999999999998,101.721,102.01300000000001,100,99.578999999999994,99.427999999999997,85.951999999999998,88.066000000000003,88.191000000000003,78.664000000000001,75.680999999999997
Apparel and leather and allied products,478.82600000000002,426.339,382.36900000000003,341.42,299.77999999999997,263.06599999999997,229.095,202.8,189.91399999999999,182.81700000000001,177.74700000000001,155.31299999999999,133.99,130.351,121.75,125.191,118.73699999999999,113.446,116.15,109.819,100,95.051000000000002,95.132000000000005,77.325000000000003,77.266000000000005,85.064999999999998,79.052000000000007,73.510999999999996
Paper products,179.85,172.328,173.36600000000001,163.255,149.691,139.09100000000001,130.49299999999999,126.908,126.315,124.27500000000001,121.518,117.117,104.416,106.6,106.414,103.209,102.89700000000001,103.73399999999999,101.648,101.206,100,100.41200000000001,100.621,94.120999999999995,96.543999999999997,98.27,93.8,94.936999999999998
Printing and related support activities,200.39,193.191,192.71,187.72800000000001,175.82300000000001,161.30600000000001,156.29499999999999,152.589,148.20400000000001,145.83600000000001,143.011,133.078,117.508,112.83499999999999,105.72799999999999,102.839,101.669,104.03400000000001,102.155,101.354,100,98.222999999999999,100.123,81.653000000000006,84.861999999999995,85.45,82.731999999999999,80.013000000000005
Petroleum and coal products,121.56,116.42400000000001,111.357,104.20699999999999,103.51600000000001,99.869,100.014,98.319000000000003,100.012,102.508,99.932000000000002,99.498000000000005,93.096000000000004,98.010999999999996,99.227999999999994,108.11199999999999,101.786,100.54600000000001,98.739000000000004,97.316000000000003,100,102.917,108.693,95.039000000000001,98.05,98.494,94.305999999999997,95.531000000000006
Chemical products,125.315,122.04900000000001,121.96899999999999,119.155,114.932,113.008,110.351,109.79900000000001,106.328,107.29300000000001,104.315,101.54900000000001,96.736000000000004,96.073999999999998,96.078999999999994,98.391000000000005,98.542000000000002,98.62,98.924999999999997,97.007999999999996,100,102.386,106.87,100.815,103.524,108.14700000000001,109.063,106.727
Plastics and rubber products,133.042,129.18899999999999,132.19800000000001,129.27500000000001,119.607,113.306,108.718,107.79600000000001,106.08,105.75700000000001,103.726,99.566999999999993,83.412000000000006,87.503,88.027000000000001,89.141999999999996,91.366,95.016000000000005,96.850999999999999,97.991,100,101.045,103.81399999999999,94.798000000000002,98.58,102.88,100.72199999999999,97.766999999999996
Wholesale trade,93.545000000000002,96.730999999999995,96.701999999999998,99.587999999999994,99.253,96.64,95.715999999999994,95.864999999999995,97.962000000000003,100.379,101.923,101.886,93.460999999999999,92.605999999999995,95.188000000000002,96.290999999999997,97.799000000000007,98.67,99.617000000000004,99.834999999999994,100,98.152000000000001,99.332999999999998,92.046000000000006,95.186999999999998,98.438000000000002,100.256,100.56699999999999
Retail trade,98.68,98.953000000000003,101.54,101.137,100.423,100.024,99.962000000000003,100.089,101.191,100.76,100.60899999999999,98.61,93.037999999999997,93.495999999999995,95.165000000000006,96.150999999999996,95.433999999999997,97.296000000000006,99.144000000000005,99.042000000000002,100,96.686000000000007,94.058999999999997,88.599000000000004,92.554000000000002,91.924999999999997,91.64,90.210999999999999
Air transportation,144.14699999999999,150.756,141.09399999999999,140.815,141.09299999999999,129.452,121.193,117.89400000000001,115.25,104.059,101.074,95.835999999999999,90.902000000000001,96.570999999999998,97.234999999999999,93.631,90.680999999999997,92.905000000000001,100.502,102.23,100,94.796999999999997,92.718000000000004,83.245000000000005,90.691000000000003,104.517,121.328,126.989
Rail transportation,151.43799999999999,147.863,144.18799999999999,141.92699999999999,126.875,116.206,117.017,121.592,120.875,117.902,117.71899999999999,111.786,102.375,96.927999999999997,103.995,107.223,108.19499999999999,111.901,113.988,102.735,100,96.906999999999996,91.152000000000001,82.225999999999999,77.444000000000003,79.611000000000004,84.015000000000001,82.415000000000006
Water transportation,64.433999999999997,64.058000000000007,67.194000000000003,73.527000000000001,69.188000000000002,68.5,74.778999999999996,76.722999999999999,91.62,93.408000000000001,94.819000000000003,98.447000000000003,103.52200000000001,109.07599999999999,101.184,104.504,113.878,114.833,108.277,103.86,100,90.763000000000005,83.876999999999995,78.17,89.227000000000004,106.006,101.256,104.97199999999999
Truck transportation,86.463999999999999,91.013999999999996,94.328000000000003,93.435000000000002,89.801000000000002,89.914000000000001,87.789000000000001,94.831999999999994,97.658000000000001,98.637,97.950999999999993,92.698999999999998,82.816000000000003,83.272999999999996,88.233999999999995,92.587999999999994,95.397999999999996,99.548000000000002,101.17400000000001,100.873,100,97.95,96.906000000000006,95.694000000000003,100.923,102.372,99.072999999999993,95.765000000000001
Transit and ground passenger transportation,66.462999999999994,66.301000000000002,68.010999999999996,64.171000000000006,64.858999999999995,65.867000000000004,66.251999999999995,65.688999999999993,66.653000000000006,70.695999999999998,72.236000000000004,72.552000000000007,71.869,76.379000000000005,80.97,78.251000000000005,77.103999999999999,79.614000000000004,86.594999999999999,93.653999999999996,100,101.431,103.455,71.113,71.896000000000001,89.251999999999995,96.528000000000006,104.75
Pipeline transportation,95.710999999999999,94.319000000000003,91.816000000000003,86.977999999999994,84.313000000000002,83.355000000000004,86.132999999999996,80.891000000000005,78.680000000000007,80.349999999999994,84.494,86.656000000000006,90.106999999999999,87.736999999999995,90.046999999999997,88.137,92.677000000000007,98.44,108.64700000000001,101.944,100,97.695999999999998,101.851,100.608,99.858999999999995,104.85599999999999,109.04900000000001,114.98399999999999
Other transportation and support activities,81.751000000000005,83.852000000000004,85.227999999999994,84.265000000000001,83.912000000000006,78.899000000000001,76.795000000000002,79.421999999999997,80.763000000000005,81.507999999999996,84.2,84.98,78.27,76.819000000000003,79.507999999999996,81.781999999999996,87.617999999999995,90.254000000000005,95.177000000000007,96.025000000000006,100,101.855,107.538,120.453,129.39099999999999,134.672,134.077,137.595
Warehousing and storage,43.201000000000001,45.578000000000003,47.52,49.051000000000002,48.183,49.63,50.941000000000003,52.811,54.923000000000002,59.976999999999997,63.094999999999999,64.167000000000002,60.073999999999998,61.128999999999998,63.777999999999999,66.355000000000004,68.977000000000004,71.308999999999997,77.998999999999995,91.153999999999996,100,106.18899999999999,106.45699999999999,124.226,150.67699999999999,166.67699999999999,163.18,163.202
"Publishing industries, except internet (includes software)",132.62299999999999,136.38499999999999,146.63200000000001,150.26300000000001,145.75399999999999,136.45099999999999,126.61799999999999,125.381,125.586,121.619,120.81100000000001,117.96299999999999,106.277,100.59099999999999,101.42,101.29300000000001,98.22,98.36,101.045,100.238,100,102.47499999999999,105.613,108.786,111.44199999999999,123.41200000000001,123.84699999999999,122.33499999999999
Motion picture and sound recording industries,81.623999999999995,85.498999999999995,89.971000000000004,90.641999999999996,88.72,90.356999999999999,90.159000000000006,89.171999999999997,86.022000000000006,84.840999999999994,84.335999999999999,81.183000000000007,79.911000000000001,81.578000000000003,79.965999999999994,80.453999999999994,83.875,87.811000000000007,90.147999999999996,93.66,100,106.943,109.709,73.53,97.713999999999999,104.387,89.366,82.594999999999999
Broadcasting and telecommunications,144.14500000000001,153.52199999999999,164.79499999999999,178.08500000000001,174.96299999999999,155.643,147.483,142.90700000000001,139.21600000000001,138.143,135.24100000000001,132.857,126.795,119.82599999999999,115.098,111.182,109.182,107.887,104.749,101.646,100,96.662000000000006,92.97,89.042000000000002,88.870999999999995,87.006,84.53,83.316000000000003
"Data processing, internet publishing, and other information services",58.552999999999997,64.23,74.156000000000006,81.563999999999993,79.361000000000004,71.915999999999997,65.548000000000002,64.811000000000007,62.978000000000002,62.793999999999997,64.478999999999999,66.650999999999996,63.84,64.096999999999994,67.728999999999999,73.063999999999993,77.995999999999995,83.519000000000005,91.896000000000001,97.025000000000006,100,109.354,118.84,124.285,131.965,143.88800000000001,145.05699999999999,146.55699999999999
"Federal Reserve banks, credit intermediation, and related activities",91.72,95.986000000000004,97.701999999999998,93.632999999999996,97.207999999999998,98.986000000000004,102.66500000000001,104.5,109.02800000000001,109.32299999999999,107.619,101.624,95.863,95.319000000000003,96.74,97.962999999999994,98.224000000000004,96.95,98.646000000000001,99.521000000000001,100,100.758,100.376,101.384,101.73399999999999,100.107,97.131,95.021000000000001
"Securities, commodity contracts, and investments",79.763999999999996,87.072000000000003,95.834000000000003,105.05,103.664,95.897999999999996,93.215000000000003,92.197999999999993,94.721999999999994,98.186999999999998,103.35299999999999,103.91800000000001,95.228999999999999,93.944999999999993,95.397000000000006,95.405000000000001,93.73,95.167000000000002,98.686000000000007,99.501999999999995,100,102.745,102.28,102.267,105.355,108.88200000000001,112.29600000000001,114.557
Insurance carriers and related activities,85.132000000000005,87.88,88.649000000000001,87.281999999999996,88.521000000000001,88.072999999999993,88.462000000000003,88.054000000000002,87.65,89.087999999999994,88.7,89.037000000000006,88.081000000000003,86.903000000000006,87.061000000000007,89.664000000000001,89.709000000000003,92.262,96.525000000000006,98.233000000000004,100,99.551000000000002,102.801,104.122,103.544,105.181,107.788,108.562
"Funds, trusts, and other financial vehicles",24.652000000000001,28.311,31.457000000000001,33.545000000000002,32.481999999999999,33.517000000000003,29.978999999999999,27.367999999999999,27.22,27.361000000000001,30.077999999999999,30.997,29.908000000000001,28.777999999999999,28.646000000000001,27.646999999999998,29.79,46.723999999999997,57.347999999999999,82.802999999999997,100,115.482,132.75700000000001,148.56800000000001,177.00899999999999,217.63800000000001,237.02,248.93600000000001
Real estate,82.028000000000006,81.241,84.29,83.296000000000006,84.385000000000005,85.334000000000003,90.29,92.201999999999998,94.25,96.331999999999994,95.111000000000004,91.488,87.483999999999995,85.67,86.206999999999994,89.301000000000002,91.828000000000003,91.728999999999999,93.998000000000005,96.248000000000005,100,105.339,106.69199999999999,104.358,111.178,116.69499999999999,116.14100000000001,115.80800000000001
Rental and leasing services and lessors of intangible assets,102.989,106.298,109.685,108.306,110.452,108.48699999999999,104.095,106.041,111.526,112.77,105.855,104.733,91.301000000000002,88.272999999999996,86.953999999999994,88.701999999999998,93.418000000000006,94.543000000000006,98.069000000000003,98.210999999999999,100,102.246,107.968,84.903000000000006,87.123000000000005,94.765000000000001,98.421999999999997,95.427999999999997
Legal services,91.852000000000004,99.393000000000001,98.784999999999997,99.108000000000004,102.077,100.857,105.267,104.11199999999999,105.22,104.941,101.774,104.015,100.532,99.668999999999997,102.253,99.41,98.960999999999999,99.471000000000004,98.212000000000003,100.071,100,101.871,99.281000000000006,95.968000000000004,98.606999999999999,97.950999999999993,100.822,100.63
Computer systems design and related services,39.947000000000003,49.417000000000002,56.654000000000003,60.945999999999998,62.784999999999997,57.094000000000001,55.417000000000002,56.604999999999997,59.884,63.743000000000002,68.870999999999995,73.658000000000001,72.498999999999995,73.573999999999998,77.349000000000004,80.84,84.86,87.98,93.094999999999999,97.903000000000006,100,101.95699999999999,106.82599999999999,106.773,111.375,117.497,118.761,116.931
"Miscellaneous professional, scientific, and technical services",66.981999999999999,73.016999999999996,74.566000000000003,77.623000000000005,78.444999999999993,76.266999999999996,75.513999999999996,78.545000000000002,81.81,85.186999999999998,88.697999999999993,88.942999999999998,84.6,83.763000000000005,87.581999999999994,89.308999999999997,91.308000000000007,93.7,96.555999999999997,98.694000000000003,100,102.67400000000001,105.879,102.63500000000001,108.346,115.73099999999999,118.086,120.544
Management of companies and enterprises,65.051000000000002,69.789000000000001,70.186999999999998,72.281999999999996,69.67,66.323999999999998,66.876999999999995,70.376000000000005,70.745000000000005,73.972999999999999,76.477000000000004,79.558999999999997,78.394999999999996,81.611000000000004,83.787999999999997,85.277000000000001,90.031000000000006,93.05,96.212999999999994,99.097999999999999,100,103.128,105.18600000000001,102.744,107.498,109.681,110.822,110.224
Administrative and support services,71.150999999999996,78.974999999999994,83.171999999999997,86.313999999999993,82.536000000000001,80.905000000000001,80.563000000000002,83.472999999999999,85.813999999999993,89.516000000000005,90.918000000000006,87.521000000000001,77.741,80.966999999999999,84.498000000000005,88.046000000000006,90.838999999999999,94.061000000000007,96.355000000000004,98.343000000000004,100,100.678,100.479,92.899000000000001,101.212,105.762,103.81,101.51300000000001
Waste management and remediation services,62.673999999999999,67.731999999999999,70.201999999999998,68.19,70.662999999999997,74.438000000000002,74.162000000000006,74.712999999999994,78.954999999999998,78.769000000000005,82.046000000000006,84.594999999999999,81.13,84.05,87.457999999999998,86.495000000000005,89.355000000000004,93.067999999999998,92.95,98.676000000000002,100,103.964,108.982,106.827,108.29300000000001,114.592,117.99,123.937
Educational services,65.641000000000005,65.850999999999999,67.826999999999998,69.956999999999994,73.191000000000003,76.45,75.632000000000005,77.197000000000003,78.826999999999998,80.046999999999997,81.588999999999999,83.632999999999996,84.572000000000003,85.727999999999994,88.415999999999997,91.861000000000004,93.664000000000001,94.436999999999998,95.519000000000005,98.388000000000005,100,103.011,104.47799999999999,96.46,100.324,105.376,107.54600000000001,109.37
Ambulatory health care services,60.015000000000001,58.545000000000002,58.576000000000001,59.65,61.286000000000001,64.826999999999998,68.236000000000004,69.638999999999996,71.438999999999993,74.367999999999995,76.239999999999995,77.769000000000005,79.605999999999995,82.765000000000001,85.4,89.373999999999995,91.426000000000002,92.546999999999997,95.433000000000007,97.747,100,104.343,106.42700000000001,102.929,108.97499999999999,112.59,117.857,120.60599999999999
Hospitals and nursing and residential care facilities,74.188000000000002,73.575000000000003,73.667000000000002,75.245999999999995,77.028999999999996,78.606999999999999,81.156000000000006,82.822999999999993,84.084000000000003,85.29,87.298000000000002,89.134,89.025000000000006,89.938000000000002,91.302000000000007,93.257999999999996,94.048000000000002,94.438000000000002,96.983999999999995,99.162999999999997,100,103.129,104.247,102.27,100.58799999999999,100.584,103.816,107.268
Social assistance,61.283999999999999,62.765999999999998,65.260999999999996,66.710999999999999,67.881,70.465000000000003,71.286000000000001,74.096000000000004,76.195999999999998,79.168999999999997,81.674000000000007,84.093999999999994,84.61,85.128,84.674000000000007,87.768000000000001,88.941999999999993,90.551000000000002,93.921000000000006,97.483999999999995,100,104.52800000000001,109.28400000000001,104.616,110.566,115.71899999999999,123.057,129.90100000000001
"Performing arts, spectator sports, museums, and related activities",88.247,85.123999999999995,87.463999999999999,86.774000000000001,79.402000000000001,83.444000000000003,86.882999999999996,89.072000000000003,91.313999999999993,91.349000000000004,90.506,93.135999999999996,87.616,87.096999999999994,88.307000000000002,88.174000000000007,91.995000000000005,95.73,98.653000000000006,101.16800000000001,100,105.605,103.82899999999999,75.302999999999997,88.328999999999994,106.437,110.482,113.054
"Amusements, gambling, and recreation industries",84.009,85.637,87.807000000000002,89.887,86.495000000000005,87.400999999999996,90.992000000000004,92.844999999999999,93.402000000000001,91.677000000000007,90.756,89.980999999999995,85.48,85.813000000000002,84.207999999999998,86.713999999999999,90.718000000000004,94.510999999999996,96.77,100.02500000000001,100,102.57,103.354,77.733000000000004,91.084999999999994,98.784999999999997,104.578,108.191
Accommodation,98.052999999999997,100.53,101.71599999999999,105.84699999999999,95.783000000000001,93.028000000000006,93.438999999999993,93.194000000000003,96.772999999999996,99.617999999999995,101.288,100.255,92.349000000000004,91.745999999999995,91.396000000000001,93.230999999999995,94.691000000000003,96.945999999999998,97.384,98.543000000000006,100,103.56,105.961,69.203000000000003,76.38,91.918000000000006,96.929000000000002,98.007000000000005
Food services and drinking places,73.28,74.492000000000004,75.548000000000002,76.632999999999996,73.997,75.581999999999994,77.072000000000003,79.48,80.847999999999999,82.263000000000005,83.369,83.253,80.012,80.162000000000006,82.694999999999993,87.072000000000003,89.855999999999995,92.757999999999996,95.831000000000003,97.736999999999995,100,103.46899999999999,104.077,81.849000000000004,93.506,99.585999999999999,102.98,102.626
"Other services, except government",95.766999999999996,99.361000000000004,99.930999999999997,100.425,98.575000000000003,102.117,101.51,100.429,99.7,100.676,100.42700000000001,99.704999999999998,95.974999999999994,95.076999999999998,96.45,96.090999999999994,97.427000000000007,99.162000000000006,99.471000000000004,99.275999999999996,100,103.666,104.023,91.706999999999994,96.260999999999996,101.25700000000001,103.107,104.41800000000001
Federal,101.745,100.089,98.424999999999997,101.71899999999999,97.552999999999997,98.146000000000001,99.341999999999999,98.203999999999994,97.953000000000003,98.067999999999998,96.453999999999994,97.813999999999993,100.526,104.714,102.104,100.479,97.626000000000005,96.855000000000004,96.927999999999997,99.584000000000003,100,98.808000000000007,101.962,104.30800000000001,101.46599999999999,103.166,103.745,107.696
State and local,90.165000000000006,91.444999999999993,92.191000000000003,93.766000000000005,95.375,97.753,98.14,98.414000000000001,98.688999999999993,98.875,99.960999999999999,101.38200000000001,101.251,100.79300000000001,99.225999999999999,98.14,97.781999999999996,98.364000000000004,98.054000000000002,99.167000000000002,100,100.863,101.913,97.466999999999999,97.591999999999999,98.613,101.86199999999999,105.467
,,,,,,,,,,,,,,,,,,,,,,,,,,,,
,,,,,,,,,,,,,,,,,,,,,,,,,,,,
,,,,,,,,,,,,,,,,,,,,,,,,,,,,
