Production Account Quantity Index Value Added (2017=100),,,,,,,,,,,,,,,,,,,,,,,,,,,,
Industry Description,1997,1998,1999,2000,2001,2002,2003,2004,2005,2006,2007,2008,2009,2010,2011,2012,2013,2014,2015,2016,2017,2018,2019,2020,2021,2022,2023,2024
Farms,66.123000000000005,64.819999999999993,66.007000000000005,74.817999999999998,71.238,73.588999999999999,79.367000000000004,87.206000000000003,91.286000000000001,89.6,80.343999999999994,79.846999999999994,90.929000000000002,88.703999999999994,84.933999999999997,81.198999999999998,91.057000000000002,89.768000000000001,96.840999999999994,103.28,100,103.574,95.293000000000006,97.730999999999995,104.64,105.05,107.105,113.244
"Forestry, fishing, and related activities",65.903000000000006,67.33,70.543000000000006,72.956999999999994,81.396000000000001,81.97,85.852000000000004,84.762,83.131,97.103999999999999,90.608999999999995,90.049000000000007,86.69,85.272000000000006,84.683000000000007,90.17,88.14,90.498000000000005,96.483999999999995,99.018000000000001,100,104.96599999999999,107.38200000000001,113.404,110.669,110.01300000000001,118.301,122.652
Oil and gas extraction,62.933,64.52,57.847999999999999,42.368000000000002,50.182000000000002,58.552999999999997,46.220999999999997,45.563000000000002,44.616999999999997,51.006,55.4,52.079000000000001,71.165000000000006,55.59,55.442999999999998,68.777000000000001,71.275999999999996,79.168999999999997,106.501,111.355,100,92.822999999999993,118.512,131.26300000000001,103.68,86.882999999999996,140.07400000000001,148.84399999999999
"Mining, except oil and gas",119.941,140.631,150.124,147.279,142.625,130.892,134.50299999999999,129.989,131.41800000000001,135.149,139.33799999999999,128.399,119.97,124.08,124.581,110.76300000000001,112.27500000000001,108.343,98.897000000000006,94.986000000000004,100,96.850999999999999,97.759,107.637,106.65,99.222999999999999,101.694,97.789000000000001
Support activities for mining,28.391999999999999,26.7,25.838999999999999,35.179000000000002,52.972999999999999,40.941000000000003,44.456000000000003,51.488999999999997,62.393999999999998,91.313999999999993,103.974,116.318,87.084999999999994,98.325999999999993,122.727,128.40899999999999,138.626,166.85499999999999,112.517,67.635999999999996,100,143.654,131.364,86.828000000000003,111.36,144.38399999999999,158.91200000000001,157.89099999999999
Utilities,77.337999999999994,73.075999999999993,85.034000000000006,85.591999999999999,69.716999999999999,73.632000000000005,73.126999999999995,78.596999999999994,73.959000000000003,79.447000000000003,81.093999999999994,85.784999999999997,80.302000000000007,91.027000000000001,95.341999999999999,96.95,96.042000000000002,91.938000000000002,93.516999999999996,99.596000000000004,100,97.84,99.063999999999993,105.938,103.01900000000001,103.979,110.57,113.03
Construction,97.111999999999995,101.575,105.86,110.06,108.15900000000001,104.482,106.651,110.64700000000001,111.087,108.598,105.649,95.337999999999994,81.710999999999999,78.149000000000001,77.218999999999994,79.747,83.006,85.820999999999998,90.957999999999998,95.712000000000003,100,102.803,105.01300000000001,102.76,105.318,98.834000000000003,98.906999999999996,103.72199999999999
Wood products,87.733999999999995,88.929000000000002,87.41,88.915000000000006,85.89,86.613,86.936999999999998,85.037999999999997,93.04,91.69,97.09,90.950999999999993,77.14,82.882000000000005,91.965999999999994,93.846999999999994,95.876999999999995,86.513999999999996,94.126000000000005,98.605000000000004,100,94.869,98.396000000000001,103.979,98.337999999999994,93.893000000000001,107.949,107.369
Nonmetallic mineral products,100.673,100.072,101.93899999999999,101.87,99.823999999999998,98.334000000000003,102.129,109.56100000000001,112.09099999999999,104.937,105.34099999999999,99.358000000000004,79.837999999999994,82.289000000000001,86.311999999999998,91.245999999999995,96.522999999999996,96.628,96.566999999999993,94.62,100,99.643000000000001,103.66200000000001,101.072,104.861,100.464,89.093000000000004,84.909000000000006
Primary metals,69.147999999999996,74.491,79.754000000000005,80.957999999999998,76.915000000000006,78.727000000000004,76.304000000000002,81.917000000000002,74.947000000000003,68.075000000000003,67.486999999999995,70.481999999999999,67.007999999999996,68.266000000000005,75.861000000000004,89.528999999999996,96.873999999999995,95.268000000000001,104.82599999999999,111.182,100,100.345,111.98,124.259,109.529,118.785,144.30600000000001,154.40100000000001
Fabricated metal products,109.309,106.535,107.099,113.72199999999999,101.395,97.049000000000007,101.54,105.908,107.869,111.67400000000001,116.33799999999999,110.875,83.661000000000001,92.483000000000004,98.213999999999999,101.764,101.16,102.369,97.893000000000001,94.409000000000006,100,104.125,103.114,93.332999999999998,96.391000000000005,91.239000000000004,84.923000000000002,81.441999999999993
Machinery,91.766999999999996,98.992000000000004,93.652000000000001,96.093999999999994,86.966999999999999,81.209000000000003,81.16,91.05,98.066000000000003,104.417,109.315,111.72799999999999,88.956000000000003,100.676,115.58,117.19199999999999,116.136,114.074,101.39,92.41,100,105.917,104.47,93.950999999999993,106.38,102.351,99.176000000000002,98.451999999999998
Computer and electronic products,8.8239999999999998,11.582000000000001,14.747999999999999,22.295999999999999,22.103999999999999,24.802,32.340000000000003,37.752000000000002,43.186,51.67,59.72,68.795000000000002,69.828999999999994,77.606999999999999,80.138000000000005,82.453999999999994,84.016999999999996,87.486000000000004,93.356999999999999,95.784000000000006,100,106.348,109.851,112.142,120.73699999999999,117.58,115.789,115.434
"Electrical equipment, appliances, and components",97.665999999999997,82.04,90.293999999999997,94.287999999999997,90.153999999999996,90.114999999999995,97.367999999999995,90.944000000000003,91.506,104.886,98.57,105.48099999999999,88.177000000000007,91.09,87.819000000000003,90.207999999999998,99.003,92.051000000000002,104.217,95.881,100,99.730999999999995,96.058000000000007,91.856999999999999,98.141000000000005,89.427999999999997,84.781999999999996,87.772999999999996
"Motor vehicles, bodies and trailers, and parts",53.798000000000002,59.844999999999999,63.68,65.494,59.616,67.322999999999993,73.721000000000004,76.099999999999994,80.575000000000003,89.649000000000001,86.426000000000002,66.891000000000005,29.814,60.869,77.210999999999999,81.872,87.045000000000002,90.936999999999998,90.873000000000005,95.835999999999999,100,104.137,105.1,93.239000000000004,110.134,132.50399999999999,126.85899999999999,127.67400000000001
Other transportation equipment,67.394999999999996,71.263999999999996,76.367000000000004,70.215999999999994,72.007999999999996,67.129000000000005,63.625,65.084000000000003,74.844999999999999,78.091999999999999,91.673000000000002,90.819000000000003,87.876000000000005,90.528999999999996,94.350999999999999,92.454999999999998,95.055000000000007,96.427999999999997,99.899000000000001,97.721000000000004,100,105.34099999999999,107.65300000000001,92.608000000000004,100.7,103.532,117.057,117.06399999999999
Furniture and related products,131.76599999999999,134.17400000000001,140.78800000000001,146.364,132.03800000000001,129.16900000000001,126.729,135.68,142.83000000000001,144.64099999999999,132.41300000000001,112.76,82.27,82.994,84.034999999999997,82.423000000000002,88.783000000000001,93.686999999999998,100.07899999999999,100.696,100,104.84399999999999,100.58199999999999,94.745999999999995,99.691999999999993,96.171999999999997,82.641999999999996,81.823999999999998
Miscellaneous manufacturing,64.355999999999995,66.518000000000001,68.953999999999994,71.991,68.257999999999996,71.358999999999995,73.171000000000006,77.382999999999996,81.629000000000005,87.436999999999998,89.177999999999997,95.138999999999996,96.936999999999998,101.131,98.334999999999994,97.974000000000004,95.113,96.143000000000001,91.763999999999996,96.367000000000004,100,106.084,102.649,101.36499999999999,112.69199999999999,111.774,111.931,112.506
Food and beverage and tobacco products,86.05,84.347999999999999,85.275000000000006,83.445999999999998,85.066000000000003,79.894999999999996,83.707999999999998,85.763999999999996,84.984999999999999,95.055000000000007,97.323999999999998,91.956000000000003,95.27,90.62,87.736999999999995,85.997,91.144999999999996,92.405000000000001,96.608000000000004,93.363,100,99.533000000000001,96.765000000000001,98.316999999999993,104.80200000000001,108.535,107.404,108.15300000000001
Textile mills and textile product mills,152.60300000000001,150.791,158.19800000000001,165.72,146.86500000000001,142.898,119.316,147.21,139.93,133.96600000000001,129.82499999999999,121.589,93.807000000000002,94.799000000000007,84.736999999999995,93.192999999999998,99.63,103.967,101.063,102.018,100,94.679000000000002,92.811999999999998,86.558000000000007,92.965999999999994,84.542000000000002,77.59,77.402000000000001
Apparel and leather and allied products,241.94300000000001,219.327,205.53299999999999,209.518,188.839,177.93899999999999,156.71700000000001,152.465,149.00200000000001,141.34200000000001,131.43299999999999,129.55500000000001,106.423,116.542,113.52500000000001,110.994,111.616,106.693,102.40600000000001,102.11199999999999,100,99.257999999999996,103.258,102.685,119.408,124.06100000000001,119.7,121.254
Paper products,146.892,137.52099999999999,145.13900000000001,136.75399999999999,119.307,122.407,120.55800000000001,128.767,125.262,133.22300000000001,125.88200000000001,112.099,117.536,109.84,105.239,104.63800000000001,107.413,109.04300000000001,111.20699999999999,108.413,100,106.434,112.16200000000001,121.2,115.169,103.57899999999999,100.53400000000001,101.624
Printing and related support activities,87.965000000000003,89.1,90.445999999999998,94.200999999999993,95.108000000000004,99.552000000000007,100.79,103.265,104.72799999999999,106.52200000000001,108.98,106.691,93.054000000000002,94.63,95.29,95.655000000000001,98.400999999999996,98.712000000000003,98.915999999999997,100.857,100,103.36799999999999,100.16,86.644000000000005,92.575000000000003,82.215999999999994,73.388999999999996,70.566000000000003
Petroleum and coal products,83.831999999999994,91.525000000000006,86.935000000000002,87.653000000000006,105.63500000000001,91.363,130.94499999999999,149.631,148.828,129.922,133.12899999999999,144.303,133.535,113.907,96.353999999999999,88.373999999999995,96.162999999999997,103.501,101.53,87.165000000000006,100,104.91800000000001,120.248,80.034999999999997,105.45099999999999,95.748999999999995,106.248,127.389
Chemical products,86.593000000000004,83.641999999999996,89.238,90.805999999999997,90.557000000000002,96.688000000000002,97.039000000000001,105.039,100.124,111.57899999999999,118.477,107.739,106.71599999999999,113.18899999999999,105.97499999999999,100.36199999999999,103.405,101.64,98.543999999999997,102.09699999999999,100,112.429,106.846,113.51300000000001,121.629,123.533,125.221,138.30699999999999
Plastics and rubber products,82.147999999999996,83.715000000000003,91.679000000000002,97.298000000000002,91.206000000000003,90.150999999999996,93.888999999999996,101.63200000000001,100.72,94.057000000000002,96.341999999999999,83.548000000000002,83.108999999999995,88.429000000000002,86.715000000000003,89.085999999999999,89.391999999999996,88.930999999999997,98.350999999999999,99.421000000000006,100,103.736,105.724,99.581999999999994,101.08799999999999,90.353999999999999,87.412000000000006,85.984999999999999
Wholesale trade,63.661000000000001,70.472999999999999,72.173000000000002,76.003,77.683999999999997,77.894000000000005,82.489000000000004,85.927000000000007,89.703999999999994,92.182000000000002,95.238,94.918999999999997,84.158000000000001,87.563000000000002,88.028000000000006,90.715999999999994,92.828000000000003,96.382999999999996,101.352,100.22799999999999,100,100.34099999999999,101.874,103.84,100.02,97.534999999999997,96.656999999999996,96.013999999999996
Retail trade,59.255000000000003,65.534999999999997,67.506,69.662000000000006,72.992999999999995,76.287999999999997,80.242000000000004,80.945999999999998,83.855000000000004,84.236000000000004,81.117999999999995,79.001999999999995,76.031000000000006,78.715999999999994,79.099999999999994,79.430999999999997,83.113,85.316999999999993,89.682000000000002,95.073999999999998,100,103.452,106.70099999999999,104.46599999999999,103.372,99.957999999999998,112.048,124.68899999999999
Air transportation,81.117999999999995,77.617999999999995,76.064999999999998,60.131,40.252000000000002,41.372,44.707000000000001,54.255000000000003,57.694000000000003,64.063999999999993,70.254000000000005,66.599000000000004,67.391999999999996,80.081999999999994,78.841999999999999,75.254000000000005,79.373000000000005,81.710999999999999,85.792000000000002,93.305000000000007,100,103.977,102.447,54.911000000000001,93.984999999999999,113.64400000000001,121.989,127.908
Rail transportation,83.021000000000001,87.87,91.736000000000004,96.843000000000004,94.188999999999993,85.180999999999997,92.596000000000004,97.736000000000004,98.929000000000002,102.307,100.327,102.764,91.293999999999997,91.87,92.707999999999998,95.686000000000007,96.388000000000005,101.761,104.239,97.227999999999994,100,101.26300000000001,94.584999999999994,84.521000000000001,91.399000000000001,93.662000000000006,91.662000000000006,90.881
Water transportation,57.54,52.993000000000002,43.411999999999999,46.531999999999996,44.762,32.531999999999996,32.271999999999998,37.826000000000001,45.237000000000002,71.358000000000004,91.438999999999993,110.136,142.90700000000001,118.32,123.712,127.392,166.464,153.357,127.205,106.809,100,104.11499999999999,95.396000000000001,93.308999999999997,125.289,102.205,103.79,112.931
Truck transportation,71.094999999999999,74.108000000000004,77.835999999999999,80.331000000000003,76.501999999999995,74.230999999999995,75.754000000000005,78.86,80.671999999999997,84.456999999999994,85.007000000000005,78.486999999999995,71.789000000000001,76.462000000000003,80.146000000000001,81.105999999999995,83.504999999999995,88.986000000000004,91.816999999999993,92.983000000000004,100,99.900999999999996,98.962999999999994,97.510999999999996,106.83,95.843000000000004,95.936000000000007,101.398
Transit and ground passenger transportation,68.001000000000005,70.022999999999996,78.603999999999999,81.838999999999999,81.242000000000004,80.105999999999995,82.787000000000006,84.522999999999996,83.316000000000003,86.84,88.578999999999994,90.727000000000004,85.242000000000004,87.293000000000006,91.054000000000002,96.018000000000001,95.471999999999994,100.76600000000001,99.013000000000005,95.869,100,107.539,127.474,100.379,113.96899999999999,143.93600000000001,173.14599999999999,209.27600000000001
Pipeline transportation,25.673999999999999,42.656999999999996,47.954000000000001,42.713000000000001,74.885000000000005,45.33,47.094000000000001,47.295999999999999,43.496000000000002,41.807000000000002,46.826000000000001,55.718000000000004,49.057000000000002,61.156999999999996,61.914000000000001,71.203999999999994,70.67,77.992000000000004,95.844999999999999,97.203000000000003,100,105.374,84.688999999999993,79.361999999999995,82.995999999999995,79.468999999999994,80.72,83.504000000000005
Other transportation and support activities,89.052000000000007,95.123999999999995,90.688000000000002,97.87,98.581999999999994,100.53400000000001,101.706,108.514,116.18899999999999,118.45099999999999,105.752,106.21899999999999,94.23,94.491,92.343000000000004,88.841999999999999,89.025000000000006,89.697999999999993,94.039000000000001,96.853999999999999,100,103.875,106.789,119.203,121.389,121.81399999999999,131.96100000000001,122.8
Warehousing and storage,36.131999999999998,42.143999999999998,40.744999999999997,43.433,41.189,41.83,44.856000000000002,52.506999999999998,59.996000000000002,64.322999999999993,60.947000000000003,64.427000000000007,63.412999999999997,66.162999999999997,69.923000000000002,77.001999999999995,81.144999999999996,83.918999999999997,86.459000000000003,94.269000000000005,100,109.289,117.249,130.25899999999999,154.38300000000001,152.809,133.32499999999999,137.65
"Publishing industries, except internet (includes software)",32.887,37.072000000000003,47.031999999999996,38.256,37.130000000000003,43.811999999999998,47.808,54.710999999999999,59.148000000000003,55.188000000000002,66.061999999999998,65.125,61.598999999999997,67.031999999999996,70.278000000000006,73.747,77.599000000000004,82.016000000000005,85.509,91.494,100,107.202,121.459,132.577,158.059,169.21299999999999,186.99,196.01400000000001
Motion picture and sound recording industries,34.561999999999998,42.343000000000004,51.640999999999998,45.491999999999997,54.055,59.908999999999999,57.271999999999998,62.124000000000002,54.53,61.795000000000002,71.593999999999994,75.867000000000004,83.921000000000006,92.98,87.287999999999997,83.046999999999997,85.759,86.391000000000005,93.941000000000003,98.320999999999998,100,95.02,91.536000000000001,80.361999999999995,99.304000000000002,118.474,118.443,119.491
Broadcasting and telecommunications,30.398,32.904000000000003,35.526000000000003,39.470999999999997,40.646000000000001,40.834000000000003,42.384,47.212000000000003,54.223999999999997,57.347999999999999,64.975999999999999,70.13,66.427000000000007,68.366,67.501999999999995,68.742999999999995,76.265000000000001,75.650000000000006,86.834999999999994,94.826999999999998,100,104.536,111.95099999999999,109.116,114.196,112.595,115.19499999999999,115.28400000000001
"Data processing, internet publishing, and other information services",14.564,16.637,13.618,11.69,18.841999999999999,28.074999999999999,29.062000000000001,34.643999999999998,33.44,37.664000000000001,31.875,39.935000000000002,40.969000000000001,48.273000000000003,55.356999999999999,52.174999999999997,65.521000000000001,72.650000000000006,80.974999999999994,91.652000000000001,100,110.97499999999999,134.78800000000001,156.65199999999999,187.53899999999999,218.25200000000001,251.608,284.30599999999998
"Federal Reserve banks, credit intermediation, and related activities",60.843000000000004,70.353999999999999,83.63,84.04,83.100999999999999,92.584999999999994,89.430999999999997,83.114000000000004,89.811999999999998,87.9,81.146000000000001,86.694999999999993,106.663,98.055000000000007,108.40300000000001,117.002,108.306,111.619,110.148,105.205,100,95.99,100.41800000000001,107.294,114.197,105.985,102.577,103.322
"Securities, commodity contracts, and investments",68.447000000000003,69.516999999999996,74.430999999999997,93.674000000000007,136.589,116.404,103.958,104.724,121.441,136.41800000000001,113.806,57.253,126.001,116.342,91.808000000000007,116.592,108.839,87.584999999999994,86.525999999999996,96.867999999999995,100,96.522999999999996,90.759,95.647000000000006,96.444000000000003,106.657,108.877,109.325
Insurance carriers and related activities,49.51,53.682000000000002,52.988999999999997,61.7,57.548999999999999,53.476999999999997,57.387,64.197000000000003,68.253,72.494,79.143000000000001,68.459999999999994,70.046999999999997,70.265000000000001,71.081000000000003,74.012,69.823999999999998,87.793000000000006,99.863,102.645,100,101.036,108.181,103.131,106.56699999999999,116.268,115.52,114.571
"Funds, trusts, and other financial vehicles",95.733999999999995,141.55799999999999,160.55099999999999,112.196,113.384,102.28400000000001,100.60299999999999,109.881,129.203,131.905,94.430999999999997,46.612000000000002,11.863,35.634,64.992000000000004,135.72,184.7,371.755,194.81899999999999,66.224000000000004,100,18.338999999999999,23.280999999999999,10.585000000000001,75.239999999999995,24.821999999999999,22.722999999999999,21.888999999999999
Real estate,62.298000000000002,62.255000000000003,64.935000000000002,66.95,69.959000000000003,71.349000000000004,73.457999999999998,76.028999999999996,80.536000000000001,80.486000000000004,86.563000000000002,89.715999999999994,88.311999999999998,92.605000000000004,94.78,95.92,98.585999999999999,98.873999999999995,97.936999999999998,98.259,100,103.672,104.819,105.994,112.199,118.82599999999999,121.488,123.816
Rental and leasing services and lessors of intangible assets,63.311999999999998,70.816000000000003,77.691999999999993,78.334000000000003,86.671000000000006,84.251000000000005,80.025000000000006,75.414000000000001,75.703999999999994,86.933999999999997,82.578999999999994,87.311000000000007,77.272000000000006,75.736000000000004,76.201999999999998,80.274000000000001,82.879000000000005,84.56,91.763999999999996,98.213999999999999,100,105.845,112.248,113.80800000000001,122.949,128.61099999999999,139.33000000000001,143.077
Legal services,95.768000000000001,99.468000000000004,102.577,105.715,108.78700000000001,109.077,113.033,114.642,112.886,113.67100000000001,115.235,124.65,108.77,100.46899999999999,101.37,98.150999999999996,95.599000000000004,94.831000000000003,97.158000000000001,100.884,100,101.10299999999999,101.745,95.474000000000004,104.246,105.113,102.512,101.93300000000001
Computer systems design and related services,14.962,18.204000000000001,20.791,22.585000000000001,23.663,22.986999999999998,25.741,29.047000000000001,32.808999999999997,36.56,41.588000000000001,45.168999999999997,47.741,53.526000000000003,59.65,68.274000000000001,70.945999999999998,75.748999999999995,83.3,91.346000000000004,100,114.654,124.821,134.34200000000001,157.56800000000001,173.11799999999999,185.49100000000001,199.05600000000001
"Miscellaneous professional, scientific, and technical services",58.042000000000002,59.500999999999998,62.122,65.308000000000007,67.421999999999997,70.402000000000001,69.340999999999994,70.953000000000003,73.555999999999997,75.988,77.975999999999999,84.326999999999998,79.203999999999994,82.078000000000003,85.031000000000006,88.233000000000004,88.962999999999994,93.238,96.387,97.088999999999999,100,105.545,111.607,111.95099999999999,127.398,138.952,146.68600000000001,150.41900000000001
Management of companies and enterprises,66.572000000000003,68.185000000000002,68.367000000000004,72.114999999999995,75.271000000000001,74.453000000000003,77.209000000000003,72.900000000000006,72.963999999999999,72.846999999999994,71.391000000000005,71.816000000000003,65.706999999999994,70.843999999999994,73.805999999999997,79.617999999999995,83.861000000000004,89.44,91.992999999999995,93.355000000000004,100,106.71299999999999,113.92100000000001,116.584,130.029,142.16300000000001,145.357,150.10900000000001
Administrative and support services,51.206000000000003,53.293999999999997,56.161000000000001,60.658000000000001,61.591000000000001,61.017000000000003,65.495999999999995,69.462999999999994,75.864999999999995,78.308000000000007,82.653999999999996,82.828000000000003,75.600999999999999,79.637,84.013999999999996,87.242000000000004,89.091999999999999,92.463999999999999,93.774000000000001,94.251999999999995,100,105.05500000000001,108.002,102.31399999999999,114.998,125.58,125.372,123.673
Waste management and remediation services,66.855999999999995,69.256,73.876000000000005,74.103999999999999,76.277000000000001,79.001000000000005,81.662999999999997,80.034999999999997,85.918999999999997,80.447000000000003,87.661000000000001,89.486999999999995,88.391000000000005,108.52,94.881,94.039000000000001,93.001999999999995,95.552000000000007,96.025999999999996,91.326999999999998,100,101.58199999999999,100.69799999999999,98.216999999999999,108.43899999999999,113.012,105.855,105.893
Educational services,65.616,64.819000000000003,67.822000000000003,70.277000000000001,72.194999999999993,72.531000000000006,76.091999999999999,80.742999999999995,79.373999999999995,81.341999999999999,82.787999999999997,88.281999999999996,95.42,98.552999999999997,99.399000000000001,99.837999999999994,98.42,99.298000000000002,99.381,101.69799999999999,100,102.218,104.729,96.241,98.799000000000007,106.40900000000001,109.095,112.09399999999999
Ambulatory health care services,49.503,49.537999999999997,50.933999999999997,53.442,55.32,58.506,60.35,63.548999999999999,66.066999999999993,69.759,69.748000000000005,74.796999999999997,76.427999999999997,78.355999999999995,81.055999999999997,82.677000000000007,85.352999999999994,87.227000000000004,92.150999999999996,96.53,100,103.789,108.992,104.33499999999999,113.093,120.023,130.65199999999999,137.18600000000001
Hospitals and nursing and residential care facilities,62.679000000000002,63.246000000000002,65.093999999999994,66.254999999999995,67.417000000000002,69.8,72.747,75.876000000000005,76.313999999999993,78.763000000000005,80.072000000000003,84.96,88.051000000000002,87.619,88.98,90.316999999999993,91.441999999999993,93.463999999999999,97.075000000000003,98.332999999999998,100,101.83,102.74,102.952,104.41200000000001,107.13200000000001,108.355,111.505
Social assistance,58.552,60.81,64.709000000000003,66.915000000000006,68.34,69.372,74.281999999999996,75.682000000000002,77.918999999999997,79.201999999999998,80.590999999999994,83.489000000000004,83.049000000000007,83.566999999999993,80.909000000000006,85.956999999999994,89.22,92.399000000000001,95.028999999999996,97.46,100,103.387,108.672,105.124,106.998,118.636,122.16800000000001,132.37
"Performing arts, spectator sports, museums, and related activities",56.04,59.67,61.078000000000003,63.798000000000002,64.364999999999995,68.840999999999994,72.445999999999998,73.301000000000002,71.962999999999994,75.747,74.239000000000004,77.564999999999998,78.938999999999993,81.227000000000004,85.741,91.96,92.924999999999997,97.55,93.102999999999994,96.66,100,105.75700000000001,107.721,74.23,88.463999999999999,109.105,119.792,121.056
"Amusements, gambling, and recreation industries",79.978999999999999,75.47,79.48,84.05,73.174000000000007,74.432000000000002,75.819999999999993,80.483999999999995,81.99,81.808999999999997,86.475999999999999,84.578999999999994,79.55,87.343999999999994,87.197999999999993,89.447000000000003,91.777000000000001,94.611999999999995,95.144999999999996,97.144999999999996,100,101.39700000000001,102.518,70.385000000000005,94.796999999999997,106.49,107.589,109.252
Accommodation,69.965000000000003,71.304000000000002,75.536000000000001,81.194000000000003,74.287000000000006,75.537999999999997,76.66,82.52,82.141999999999996,84.379000000000005,86.353999999999999,82.784000000000006,72.061999999999998,76.783000000000001,82.551000000000002,83.388999999999996,87.968000000000004,89.507999999999996,97.228999999999999,96.468999999999994,100,100.779,102.747,76.585999999999999,98.144999999999996,101.498,109.04900000000001,111.471
Food services and drinking places,67.278000000000006,70.492000000000004,75.180999999999997,79.412999999999997,79.753,81.227000000000004,83.775000000000006,87.197999999999993,87.606999999999999,89.968999999999994,88.165999999999997,85.358999999999995,80.346000000000004,83.120999999999995,85.367999999999995,87.084999999999994,88.92,92.78,96.433000000000007,98.332999999999998,100,101.122,103.592,77.477999999999994,96.087000000000003,101.56699999999999,102.328,101.36199999999999
"Other services, except government",104.922,109.303,110.122,112.54900000000001,101.29900000000001,104.101,101.22199999999999,102.55200000000001,103.227,103.688,101.422,97.652000000000001,91.992000000000004,90.495999999999995,89.727999999999994,91.129000000000005,92.046000000000006,96.24,97.941000000000003,97.938000000000002,100,103.24,103.655,93.406000000000006,96.281999999999996,100.667,95.245000000000005,94.102000000000004
Federal,83.284000000000006,82.822999999999993,82.331000000000003,83.58,82.896000000000001,84.039000000000001,86.182000000000002,87.682000000000002,89.905000000000001,90.843999999999994,91.328000000000003,93.097999999999999,95,97.629000000000005,97.570999999999998,97.763999999999996,96.974000000000004,96.489000000000004,96.984999999999999,99.143000000000001,100,100.309,102.708,105.089,105.054,107.202,108.489,111.357
State and local,79.102000000000004,80.930000000000007,83.006,84.573999999999998,86.430999999999997,88.683000000000007,89.792000000000002,90.650999999999996,91.685000000000002,92.932000000000002,94.521000000000001,95.876999999999995,95.778999999999996,96.156999999999996,95.864999999999995,96.004999999999995,96.83,97.771000000000001,97.841999999999999,98.965999999999994,100,102.03400000000001,103.444,101.86,103.19,104.702,106.173,108.03100000000001
,,,,,,,,,,,,,,,,,,,,,,,,,,,,
,,,,,,,,,,,,,,,,,,,,,,,,,,,,
,,,,,,,,,,,,,,,,,,,,,,,,,,,,
