Production Account Value Added (Millions of dollars),,,,,,,,,,,,,,,,,,,,,,,,,,,,
Industry Description,1997,1998,1999,2000,2001,2002,2003,2004,2005,2006,2007,2008,2009,2010,2011,2012,2013,2014,2015,2016,2017,2018,2019,2020,2021,2022,2023,2024
Farms,94491,90550,90232,96617,99015,85836,106584,131992,127231,111769,128473,129112,112822,127559,159959,157511,193387,175154,155455,141690,148848,149271,143738,159187,202994,260898,228182,222866
"Forestry, fishing, and related activities",20181,20462,21367,21939,21418,21332,22514,23302,23526,28481,27902,26998,26469,28174,28056,30069,30688,32860,35429,36820,37621,39652,40969,43359,44209,45806,51292,52928
Oil and gas extraction,51087,36087,41269,63745,71466,66404,88133,106998,148220,169813,195059,253092,165234,179691,205715,210886,236706,254680,143436,124688,152768,176714,161570,96233,209999,304474,242043,235439
"Mining, except oil and gas",24964,27572,27914,26974,26308,25863,27493,31733,40515,49312,55330,58338,59216,66686,72910,63331,57549,53349,45420,42574,49887,49352,50265,55163,64535,69862,75482,76669
Support activities for mining,13456,13577,11100,13777,19678,15156,16796,19840,26694,42490,49990,59235,41211,47422,61798,68321,74676,91878,62499,36027,53711,71518,67866,41341,42692,62180,71819,70569
Utilities,154499,146480,162065,161581,168058,157044,162117,176639,173551,199532,203472,212402,228636,249178,257686,249756,256743,268383,270950,273997,284379,289983,300760,315001,360944,405821,419714,414860
Construction,338921,379099,416985,460423,485527,492663,524309,583591,650387,695665,714284,647858,564266,524645,524414,553670,593353,648447,713701,775065,838364,887065,950776,956499,1009656,1109590,1221611,1302392
Wood products,26709,27425,29282,28209,27138,27170,28619,32470,34585,31543,28966,25522,21126,23243,23600,25734,30115,30230,31363,33566,35568,36791,36687,42858,59746,64433,62073,59968
Nonmetallic mineral products,39697,40768,43160,42528,41202,41720,41923,45182,48713,50379,50157,44660,38751,38309,38839,42614,46708,48524,52880,54923,58351,59254,62882,63686,67707,71373,75427,77315
Primary metals,47974,48859,46090,46928,40174,41587,39176,54878,56120,62560,64434,68733,41011,50837,62544,65651,62569,64376,60381,57221,59640,67644,67286,56133,73670,84955,83012,76308
Fabricated metal products,109827,111510,115847,121073,110720,105911,108300,114457,122169,126558,134713,132809,117298,119935,127031,137719,140086,141431,143759,141438,144142,151223,157927,147770,147605,174229,187071,188837
Machinery,102108,113655,110965,112928,105215,98801,97264,104000,114210,121709,129404,131518,118375,127181,144661,152772,157018,158064,148723,139142,147412,154607,160714,149830,157895,174963,197927,208289
Computer and electronic products,195104,191503,186439,225047,173225,172663,193243,201239,210901,223780,228144,229458,218252,228414,226975,227609,227189,230637,241520,240308,248364,259548,265853,272243,288295,289449,293144,299147
"Electrical equipment, appliances, and components",46800,40512,44523,45597,44206,43631,45485,41999,43143,51349,50213,55545,50892,51634,49377,52901,57802,53553,61569,56146,57780,59888,60246,57874,61339,69799,75950,80595
"Motor vehicles, bodies and trailers, and parts",111847,123684,134601,137320,124768,135056,142949,138896,135761,133828,124861,90123,47708,88698,104337,115615,123138,132807,146483,155669,158910,160874,161492,142514,143023,166217,182401,185456
Other transportation equipment,62491,66779,73780,71051,76811,72910,72507,75790,89643,96179,114184,114514,117298,120697,127117,126817,133133,138617,147925,146712,150811,159243,165471,144756,153187,160555,190646,197149
Furniture and related products,27896,29628,31626,33483,31167,31211,30353,30948,33651,34489,32475,27820,22783,21820,21954,22392,23861,25359,28411,29247,28855,29903,30338,29466,30072,33617,33619,34391
Miscellaneous manufacturing,52128,55166,57549,59086,57379,60922,62049,63737,66142,70326,72149,75425,81251,83105,80348,81323,78407,78776,77775,83818,86379,91338,91057,91853,97864,100364,108271,113421
Food and beverage and tobacco products,123008,128027,149882,149758,160511,161446,164095,160773,162550,177666,177938,183310,213273,197396,184366,194341,205034,217247,242885,247252,252004,248100,251145,271840,284377,278824,327621,345764
Textile mills and textile product mills,27359,28047,28459,27959,24844,23990,18679,22118,20634,20048,19261,17810,15093,15531,15046,15945,16668,17638,17687,18188,17296,16580,16688,15782,16993,16733,16239,16317
Apparel and leather and allied products,25143,23407,22388,22135,19443,18123,15472,14565,13821,12845,11834,11560,9858,10377,10119,9995,10221,9917,9699,9624,9434,9303,9604,9412,10987,11631,11698,12434
Paper products,55278,55766,59318,62079,53397,54021,50925,52634,51567,57868,55630,51290,59128,56279,53734,53055,56486,56894,59873,58664,55778,60127,62593,64967,64500,69978,73546,74285
Printing and related support activities,37381,39627,42113,43619,42659,42079,42131,42693,44405,46760,47648,45144,39586,39406,38736,38392,39031,39109,40303,41114,40552,41425,41455,36403,38897,40767,40938,41235
Petroleum and coal products,47394,50006,45124,52554,68200,50606,81117,104042,140857,139727,154493,154480,110458,123702,158663,158992,146090,147410,130977,75151,110179,153777,142905,61089,147304,230410,217240,194338
Chemical products,172847,180422,188187,187309,193287,207389,210138,226265,222457,253144,267378,264876,287526,302804,302739,301537,314811,319418,319105,338657,339978,391037,370709,390884,460540,504974,510138,548814
Plastics and rubber products,57315,61520,65720,65264,63342,62847,62514,63571,62808,63787,63241,55748,60403,61832,62700,67558,68520,66443,77158,78539,76787,80279,84109,79705,82519,94527,101256,100417
Wholesale trade,411498,442008,458636,493899,486105,484217,506873,553359,600318,647658,693645,721008,684497,727916,760534,816202,851874,895484,949853,942104,965437,988041,1029960,1058458,1123888,1281227,1356549,1396294
Retail trade,476666,517928,536352,562131,587210,608716,638131,655165,688628,708178,706634,691481,685849,704305,715502,747882,794267,823981,885139,932073,968627,1004358,1046165,1096593,1256879,1351106,1483087,1542036
Air transportation,47959,46625,48641,47972,44894,41586,46350,48413,48961,55850,59366,55166,58019,71788,71244,74095,77362,83597,95603,104425,106983,107798,115580,53821,79113,119097,140486,145924
Rail transportation,20852,22813,23342,24118,24015,22887,24489,26476,29368,33328,33461,38372,34473,35813,38094,40801,42707,46179,47220,43389,45810,48418,47564,45055,49617,52598,55910,56709
Water transportation,6542,6410,6501,7969,8337,7363,8447,9383,9213,13223,14598,16531,15969,14762,14150,13528,16738,16701,16503,14295,13780,15433,15225,12683,19629,21015,22737,23970
Truck transportation,76812,85250,92018,97650,96843,96729,101010,108730,116458,125057,123249,120042,108988,113032,121505,127874,134007,148089,160921,164367,177432,190849,196834,196182,230623,258814,256268,256678
Transit and ground passenger transportation,15001,16034,17548,18314,18880,19308,21249,22880,23353,25649,26051,27901,28785,30660,33517,35692,36894,39138,40386,40498,42391,44940,53140,39695,45846,56596,69627,82141
Pipeline transportation,6922,9774,10412,9323,16007,10000,10295,10614,9820,10683,12965,16248,14562,20182,21538,25270,26969,30145,36756,39079,40928,43951,38825,38456,41852,43342,46432,48413
Other transportation and support activities,55753,59699,58005,65717,68991,71564,73135,80796,88661,94424,89761,94213,85442,90321,93833,94723,98850,103585,114160,118801,124710,133412,143672,162753,195822,216224,209739,215744
Warehousing and storage,20959,24741,24573,26621,25749,26514,28693,33550,38030,40737,41216,45183,45081,45101,45096,47138,46891,47111,51037,56736,60983,68472,73219,81444,99932,115164,117173,127841
"Publishing industries, except internet (includes software)",94899,105632,136056,111815,110523,132257,140897,155471,167098,156285,183646,180552,169696,177702,184003,188799,195012,202725,207891,218856,234850,245379,277012,301809,350468,363743,405712,441334
Motion picture and sound recording industries,39242,47676,58885,52633,63703,70012,66761,72479,60926,65228,73972,77246,79667,88671,82409,79915,80833,80579,86640,93637,94967,91062,86171,74742,91673,112706,112199,117663
Broadcasting and telecommunications,204956,219175,230986,249484,251676,250948,257258,279609,301422,307221,342078,362787,346402,347256,339010,343555,380033,370438,400221,424016,424785,434768,461431,446689,457310,443937,455978,463243
"Data processing, internet publishing, and other information services",31618,37067,31237,26881,43638,64419,66341,77697,75701,86117,71605,89835,93295,108778,124259,116898,145145,159550,177055,197008,212634,224738,272051,313222,366259,413783,468172,526227
"Federal Reserve banks, credit intermediation, and related activities",232290,266078,301610,320455,334535,379313,397656,373224,412857,428197,405474,414184,407897,418740,460659,518927,508966,561677,583737,620484,646836,684364,737604,770083,840715,904654,943594,1009909
"Securities, commodity contracts, and investments",120934,120607,119989,132726,187141,162063,146010,159064,194620,225971,205173,99002,189660,195855,172496,231836,245650,226984,230128,257110,282147,290369,277654,308853,356458,347297,355301,394337
Insurance carriers and related activities,206126,226850,224432,264298,251295,239285,267171,307210,332740,356393,389544,332447,349293,356757,367506,388622,368467,464771,532906,553042,545014,556004,604401,591365,608424,675861,712714,752517
"Funds, trusts, and other financial vehicles",7150,13125,16956,15236,15199,15006,17173,16970,19410,19185,10450,6463,1896,3582,2124,10032,8507,11567,8325,7399,6796,926,1705,1043,22484,16948,22324,27866
Real estate,940891,971431,1046523,1106822,1192660,1266955,1322903,1396033,1510246,1545707,1693577,1784246,1791010,1854144,1912084,1963201,2051828,2105204,2157570,2230631,2331614,2474202,2582487,2696612,2901429,3179810,3477023,3712485
Rental and leasing services and lessors of intangible assets,101457,108070,121962,130180,142455,140636,136473,132521,136213,160199,155930,170208,155434,152376,154596,164104,170613,174595,186322,196335,200006,214144,227995,232173,266772,297639,336129,347815
Legal services,100997,109693,116375,124732,135605,141956,151705,162697,170206,181231,197229,225981,204950,197236,207695,207686,208811,215380,228274,242727,251036,260994,273568,271283,304176,322853,338836,366273
Computer systems design and related services,74470,87737,101473,112265,116457,108758,114351,121431,133291,147107,164964,179042,186674,200481,221960,249492,252479,263476,282538,303286,321661,353282,372900,387311,428456,451221,483085,513145
"Miscellaneous professional, scientific, and technical services",318161,338175,370062,406220,425558,453005,457962,486068,519367,560465,597319,656980,626544,653863,682313,717389,730440,768933,815319,825845,862445,920580,978033,985131,1114116,1239341,1359314,1435063
Management of companies and enterprises,125072,138668,148033,170651,173102,174438,185009,202449,213326,229657,250241,255424,244103,264348,276804,300920,318206,330837,345605,347881,368625,386736,403868,403080,443793,477507,501772,542220
Administrative and support services,191017,206353,224807,253112,263702,266912,285314,310366,342715,363695,391316,397709,370085,386157,408005,427386,441816,466910,487200,505887,543408,574993,603790,581148,663666,752694,792943,813340
Waste management and remediation services,21355,22178,24436,25562,27867,29722,31559,31191,32839,30809,34483,35853,37381,46628,41257,41396,41684,44317,45963,45907,51408,55045,56840,58865,65930,71753,79593,85754
Educational services,76709,79553,87270,94787,101333,106099,116348,128608,132714,142385,150973,167194,187608,198298,205581,213454,216232,224014,230558,242393,244711,256289,269293,254624,268846,294786,315091,333398
Ambulatory health care services,250446,258114,270781,287823,310359,333481,349828,374379,396103,422271,441533,480096,506209,530984,554663,573477,592939,609634,641558,679093,708185,738061,781759,760845,846419,904833,1002073,1076306
Hospitals and nursing and residential care facilities,221293,232269,245212,257178,279996,305200,328705,353687,365377,389836,410338,447481,481137,487882,506715,522934,535852,551034,584347,608030,628320,652959,677289,697017,722739,768889,831303,894442
Social assistance,39251,42766,47617,52303,55485,59331,64680,67302,71967,76397,80271,85100,87147,89060,88012,95345,101191,106028,112591,120475,127201,135073,145780,148323,154740,177477,197549,224591
"Performing arts, spectator sports, museums, and related activities",35167,38225,41764,46493,48842,53813,58585,61247,62989,69095,70697,76454,79927,82900,87887,96418,98711,105964,105676,113996,120751,129798,134759,96448,113835,144027,168841,183931
"Amusements, gambling, and recreation industries",40079,39161,42603,45991,41326,43169,45136,48558,50587,52155,56636,56315,54474,58826,59577,62767,65317,68426,71592,75308,77069,80205,84067,58848,79460,94296,105801,112709
Accommodation,62474,66855,74656,83055,80138,82796,83488,91161,96149,102057,109313,107958,92840,96363,105089,110605,118672,125439,141100,143856,151590,159187,168034,104387,149330,184005,209556,218470
Food services and drinking places,133321,144980,159716,172983,180713,193338,201618,213694,220503,232928,237995,240961,246618,254859,266761,286018,298704,317751,347995,371962,388709,405816,433167,345478,455320,514766,591940,620149
"Other services, except government",224677,242804,254586,273099,258800,278200,276994,289928,302731,316524,321835,321381,317917,319384,323992,338468,349540,373127,391369,403342,419768,443498,462869,436187,467730,530159,568323,606756
Federal,481579,483488,488697,494146,544200,575768,634631,677189,750517,794834,810762,821508,809709,840239,871549,901002,917442,939934,951149,965074,988471,1060297,1096214,1117372,1228363,1355695,1397311,1440309
State and local,937202,978936,1024090,1054240,1214979,1285990,1390832,1480616,1661763,1793219,1870787,1897267,1815652,1839279,1879611,1981133,2118040,2208143,2265811,2322803,2399200,2617688,2720856,2727384,3013971,3394232,3491295,3578539
,,,,,,,,,,,,,,,,,,,,,,,,,,,,
,,,,,,,,,,,,,,,,,,,,,,,,,,,,
,,,,,,,,,,,,,,,,,,,,,,,,,,,,
