year,series,real_value_added_millions,hours_millions,real_value_added_per_hour,real_output_per_hour_thousands_1982_dollars,index_first_year_100,source_note
1947,Measurable sectors,362883.0695023117,58818.92562800001,6.169495032897469,0.006169495032897469,100.0,"BEA-BLS historical KLEMS research data, value added double-deflated to millions of 1982 dollars, total hours."
1947,Unmeasurable sectors,606379.8352801704,50428.628861000005,12.02451561694406,0.01202451561694406,100.0,"BEA-BLS historical KLEMS research data, value added double-deflated to millions of 1982 dollars, total hours."
1947,Total economy,969262.9047824822,109247.55448900002,8.872170267940193,0.008872170267940193,100.0,"BEA-BLS historical KLEMS research data, value added double-deflated to millions of 1982 dollars, total hours."
1948,Measurable sectors,407640.14726477285,59192.97335900002,6.8866306950399725,0.006886630695039972,111.62389560763945,"BEA-BLS historical KLEMS research data, value added double-deflated to millions of 1982 dollars, total hours."
1948,Unmeasurable sectors,608409.7156802478,51590.707887,11.793009644544089,0.011793009644544088,98.07471685534051,"BEA-BLS historical KLEMS research data, value added double-deflated to millions of 1982 dollars, total hours."
1948,Total economy,1.0160498629450207e6,110783.68124600002,9.171475902564001,0.009171475902564001,103.37353348261762,"BEA-BLS historical KLEMS research data, value added double-deflated to millions of 1982 dollars, total hours."
1949,Measurable sectors,378308.65740489576,55613.786894,6.802425774852428,0.006802425774852428,110.25903641351513,"BEA-BLS historical KLEMS research data, value added double-deflated to millions of 1982 dollars, total hours."
1949,Unmeasurable sectors,614788.4333057118,52031.073883,11.815793667610238,0.011815793667610238,98.26419661312839,"BEA-BLS historical KLEMS research data, value added double-deflated to millions of 1982 dollars, total hours."
1949,Total economy,993097.0907106076,107644.860777,9.225680478773013,0.009225680478773013,103.98448406823567,"BEA-BLS historical KLEMS research data, value added double-deflated to millions of 1982 dollars, total hours."
1950,Measurable sectors,421142.13098018273,56827.357223,7.4109047395526595,0.00741090473955266,120.1217393001477,"BEA-BLS historical KLEMS research data, value added double-deflated to millions of 1982 dollars, total hours."
1950,Unmeasurable sectors,640989.2634313134,53420.089401,11.999030151741275,0.011999030151741275,99.78805412197333,"BEA-BLS historical KLEMS research data, value added double-deflated to millions of 1982 dollars, total hours."
1950,Total economy,1.0621313944114961e6,110247.446624,9.634067971060642,0.009634067971060641,108.58750091703699,"BEA-BLS historical KLEMS research data, value added double-deflated to millions of 1982 dollars, total hours."
1951,Measurable sectors,455244.54974548466,58132.205077,7.831193555146975,0.007831193555146975,126.93410908654381,"BEA-BLS historical KLEMS research data, value added double-deflated to millions of 1982 dollars, total hours."
1951,Unmeasurable sectors,699090.0325483318,58514.832366999995,11.947227809928588,0.011947227809928587,99.35724806322708,"BEA-BLS historical KLEMS research data, value added double-deflated to millions of 1982 dollars, total hours."
1951,Total economy,1.1543345822938164e6,116647.03744399999,9.895961419920248,0.009895961419920248,111.5393541947628,"BEA-BLS historical KLEMS research data, value added double-deflated to millions of 1982 dollars, total hours."
1952,Measurable sectors,470476.9742554416,57576.682432,8.171310926278025,0.008171310926278026,132.44699740750767,"BEA-BLS historical KLEMS research data, value added double-deflated to millions of 1982 dollars, total hours."
1952,Unmeasurable sectors,729308.7938502579,59919.877135,12.171400021517382,0.012171400021517382,101.22154113523162,"BEA-BLS historical KLEMS research data, value added double-deflated to millions of 1982 dollars, total hours."
1952,Total economy,1.1997857681056994e6,117496.559567,10.211241695307224,0.010211241695307224,115.09294103840409,"BEA-BLS historical KLEMS research data, value added double-deflated to millions of 1982 dollars, total hours."
1953,Measurable sectors,509705.47893886786,57548.338135,8.856997360083158,0.008856997360083158,143.56113932915378,"BEA-BLS historical KLEMS research data, value added double-deflated to millions of 1982 dollars, total hours."
1953,Unmeasurable sectors,752615.3409800243,59906.839507,12.563095419047814,0.012563095419047814,104.47901453381479,"BEA-BLS historical KLEMS research data, value added double-deflated to millions of 1982 dollars, total hours."
1953,Total economy,1.262320819918892e6,117455.177642,10.74725563624287,0.010747255636242872,121.13446103574393,"BEA-BLS historical KLEMS research data, value added double-deflated to millions of 1982 dollars, total hours."
1954,Measurable sectors,495892.3037292817,53717.708160999995,9.231449380584488,0.009231449380584488,149.6305504965937,"BEA-BLS historical KLEMS research data, value added double-deflated to millions of 1982 dollars, total hours."
1954,Unmeasurable sectors,747836.614266479,59316.865188,12.607487126911906,0.012607487126911905,104.8481912165041,"BEA-BLS historical KLEMS research data, value added double-deflated to millions of 1982 dollars, total hours."
1954,Total economy,1.2437289179957607e6,113034.573349,11.00308411087362,0.01100308411087362,124.01795477971764,"BEA-BLS historical KLEMS research data, value added double-deflated to millions of 1982 dollars, total hours."
1955,Measurable sectors,540908.6884870979,55662.61773799999,9.717629361829816,0.009717629361829816,157.51093582234373,"BEA-BLS historical KLEMS research data, value added double-deflated to millions of 1982 dollars, total hours."
1955,Unmeasurable sectors,786781.0359801555,60289.332993,13.050086921205548,0.013050086921205548,108.52900305452911,"BEA-BLS historical KLEMS research data, value added double-deflated to millions of 1982 dollars, total hours."
1955,Total economy,1.3276897244672533e6,115951.95073099999,11.450344009713092,0.011450344009713093,129.05911027304327,"BEA-BLS historical KLEMS research data, value added double-deflated to millions of 1982 dollars, total hours."
1956,Measurable sectors,540423.3921760254,55148.409454,9.799437509195974,0.009799437509195973,158.83694624831753,"BEA-BLS historical KLEMS research data, value added double-deflated to millions of 1982 dollars, total hours."
1956,Unmeasurable sectors,810250.1065609017,61783.971985,13.114244366769029,0.013114244366769029,109.0625583976905,"BEA-BLS historical KLEMS research data, value added double-deflated to millions of 1982 dollars, total hours."
1956,Total economy,1.3506734987369273e6,116932.38143899999,11.550893620015188,0.011550893620015188,130.19242497807585,"BEA-BLS historical KLEMS research data, value added double-deflated to millions of 1982 dollars, total hours."
1957,Measurable sectors,537736.2452301304,53134.259183999995,10.120330150233011,0.01012033015023301,164.03822511029813,"BEA-BLS historical KLEMS research data, value added double-deflated to millions of 1982 dollars, total hours."
1957,Unmeasurable sectors,836837.5482178468,62060.936080000014,13.484127070515282,0.013484127070515281,112.13862994626116,"BEA-BLS historical KLEMS research data, value added double-deflated to millions of 1982 dollars, total hours."
1957,Total economy,1.3745737934479772e6,115195.19526400001,11.932561859874284,0.011932561859874284,134.4942838055407,"BEA-BLS historical KLEMS research data, value added double-deflated to millions of 1982 dollars, total hours."
1958,Measurable sectors,508490.6881387724,49138.81725799999,10.348044916689323,0.010348044916689324,167.72920411655508,"BEA-BLS historical KLEMS research data, value added double-deflated to millions of 1982 dollars, total hours."
1958,Unmeasurable sectors,851347.2217505616,61866.183884,13.761107737740057,0.013761107737740056,114.44209626497485,"BEA-BLS historical KLEMS research data, value added double-deflated to millions of 1982 dollars, total hours."
1958,Total economy,1.3598379098893339e6,111005.001142,12.25024004233647,0.01225024004233647,138.0748979379151,"BEA-BLS historical KLEMS research data, value added double-deflated to millions of 1982 dollars, total hours."
1959,Measurable sectors,535261.9227713952,51115.04235599999,10.471710441780843,0.010471710441780843,169.73367165291097,"BEA-BLS historical KLEMS research data, value added double-deflated to millions of 1982 dollars, total hours."
1959,Unmeasurable sectors,895826.0735246334,62938.55214,14.233344159744338,0.014233344159744338,118.36937647357504,"BEA-BLS historical KLEMS research data, value added double-deflated to millions of 1982 dollars, total hours."
1959,Total economy,1.4310879962960286e6,114053.59449599999,12.547504553626487,0.012547504553626488,141.42542551248374,"BEA-BLS historical KLEMS research data, value added double-deflated to millions of 1982 dollars, total hours."
1960,Measurable sectors,544698.040072238,50522.262085,10.781347025907579,0.010781347025907578,174.75250354232278,"BEA-BLS historical KLEMS research data, value added double-deflated to millions of 1982 dollars, total hours."
1960,Unmeasurable sectors,921823.6815052611,64120.24552899999,14.376483962282133,0.014376483962282133,119.55977621272207,"BEA-BLS historical KLEMS research data, value added double-deflated to millions of 1982 dollars, total hours."
1960,Total economy,1.466521721577499e6,114642.507614,12.792128784510373,0.012792128784510373,144.1826339913138,"BEA-BLS historical KLEMS research data, value added double-deflated to millions of 1982 dollars, total hours."
1961,Measurable sectors,548447.7698558598,48993.544158,11.194286497975378,0.011194286497975377,181.44574942170016,"BEA-BLS historical KLEMS research data, value added double-deflated to millions of 1982 dollars, total hours."
1961,Unmeasurable sectors,950112.0494006856,64851.14193799999,14.650660281495531,0.014650660281495531,121.83992061061406,"BEA-BLS historical KLEMS research data, value added double-deflated to millions of 1982 dollars, total hours."
1961,Total economy,1.4985598192565455e6,113844.68609599999,13.163195144592686,0.013163195144592686,148.36499691803954,"BEA-BLS historical KLEMS research data, value added double-deflated to millions of 1982 dollars, total hours."
1962,Measurable sectors,588747.4331373705,49889.20803699999,11.801097999004714,0.011801097999004714,191.2814247532086,"BEA-BLS historical KLEMS research data, value added double-deflated to millions of 1982 dollars, total hours."
1962,Unmeasurable sectors,1.0090064799483513e6,66348.60424799999,15.207651937587922,0.015207651937587923,126.4720544431613,"BEA-BLS historical KLEMS research data, value added double-deflated to millions of 1982 dollars, total hours."
1962,Total economy,1.597753913085722e6,116237.81228499998,13.74556077473514,0.01374556077473514,154.92895604590754,"BEA-BLS historical KLEMS research data, value added double-deflated to millions of 1982 dollars, total hours."
1963,Measurable sectors,1.2314302397815783e6,99300.40008200002,12.401060204839972,0.012401060204839972,201.00608135210513,"BEA-BLS historical KLEMS research data, value added double-deflated to millions of 1982 dollars, total hours."
1963,Unmeasurable sectors,2.0880384352310717e6,134160.190368,15.563770664782183,0.015563770664782184,129.43366003742275,"BEA-BLS historical KLEMS research data, value added double-deflated to millions of 1982 dollars, total hours."
1963,Total economy,3.31946867501265e6,233460.59045000002,14.218539705627862,0.014218539705627862,160.25999587729854,"BEA-BLS historical KLEMS research data, value added double-deflated to millions of 1982 dollars, total hours."
1964,Measurable sectors,655593.312908453,49342.58990500001,13.286560640020644,0.013286560640020643,215.35896486135405,"BEA-BLS historical KLEMS research data, value added double-deflated to millions of 1982 dollars, total hours."
1964,Unmeasurable sectors,1.091272228192747e6,68757.401565,15.871341897077219,0.01587134189707722,131.99152799728992,"BEA-BLS historical KLEMS research data, value added double-deflated to millions of 1982 dollars, total hours."
1964,Total economy,1.7468655411012e6,118099.99147000001,14.79141123854308,0.01479141123854308,166.7169451424102,"BEA-BLS historical KLEMS research data, value added double-deflated to millions of 1982 dollars, total hours."
1965,Measurable sectors,705806.8566552416,50713.07959199998,13.917649299424188,0.013917649299424188,225.58814336037875,"BEA-BLS historical KLEMS research data, value added double-deflated to millions of 1982 dollars, total hours."
1965,Unmeasurable sectors,1.149623109928455e6,70980.815063,16.19625118291599,0.01619625118291599,134.69358516274391,"BEA-BLS historical KLEMS research data, value added double-deflated to millions of 1982 dollars, total hours."
1965,Total economy,1.8554299665836967e6,121693.89465499998,15.246697230323736,0.015246697230323736,171.84856432949732,"BEA-BLS historical KLEMS research data, value added double-deflated to millions of 1982 dollars, total hours."
1966,Measurable sectors,754819.688158921,52126.75070200001,14.48046690026969,0.01448046690026969,234.7107311547509,"BEA-BLS historical KLEMS research data, value added double-deflated to millions of 1982 dollars, total hours."
1966,Unmeasurable sectors,1.2191439678463417e6,73771.435929,16.52596228463934,0.01652596228463934,137.4355758776027,"BEA-BLS historical KLEMS research data, value added double-deflated to millions of 1982 dollars, total hours."
1966,Total economy,1.9739636560052626e6,125898.18663100002,15.679047560794746,0.015679047560794745,176.72167110511137,"BEA-BLS historical KLEMS research data, value added double-deflated to millions of 1982 dollars, total hours."
1967,Measurable sectors,769286.9858444651,51169.683990000005,15.034038240197171,0.01503403824019717,243.6834483216452,"BEA-BLS historical KLEMS research data, value added double-deflated to millions of 1982 dollars, total hours."
1967,Unmeasurable sectors,1.2596707703068834e6,75378.224166,16.711335193209138,0.016711335193209137,138.97720062553503,"BEA-BLS historical KLEMS research data, value added double-deflated to millions of 1982 dollars, total hours."
1967,Total economy,2.0289577561513484e6,126547.908156,16.033119675515945,0.016033119675515944,180.7124885041039,"BEA-BLS historical KLEMS research data, value added double-deflated to millions of 1982 dollars, total hours."
1968,Measurable sectors,816999.8549029335,51103.69839699999,15.987098400512142,0.015987098400512142,259.1313926871563,"BEA-BLS historical KLEMS research data, value added double-deflated to millions of 1982 dollars, total hours."
1968,Unmeasurable sectors,1.320992680192226e6,77175.133241,17.11681761620123,0.017116817616201232,142.3493316610731,"BEA-BLS historical KLEMS research data, value added double-deflated to millions of 1982 dollars, total hours."
1968,Total economy,2.1379925350951594e6,128278.831638,16.66676027365549,0.01666676027365549,187.85437801933583,"BEA-BLS historical KLEMS research data, value added double-deflated to millions of 1982 dollars, total hours."
1969,Measurable sectors,841172.7323385363,51431.172483999995,16.355309274744247,0.016355309274744247,265.09964247532696,"BEA-BLS historical KLEMS research data, value added double-deflated to millions of 1982 dollars, total hours."
1969,Unmeasurable sectors,1.3561042362715662e6,79231.115038,17.11580400731664,0.01711580400731664,142.3409021416074,"BEA-BLS historical KLEMS research data, value added double-deflated to millions of 1982 dollars, total hours."
1969,Total economy,2.1972769686101023e6,130662.287522,16.816458752416533,0.016816458752416535,189.54165941994174,"BEA-BLS historical KLEMS research data, value added double-deflated to millions of 1982 dollars, total hours."
1970,Measurable sectors,826955.942586954,48715.285342,16.97528684849952,0.01697528684849952,275.14872380936447,"BEA-BLS historical KLEMS research data, value added double-deflated to millions of 1982 dollars, total hours."
1970,Unmeasurable sectors,1.3738850150912423e6,78809.9068,17.432897345987502,0.017432897345987502,144.97795920712474,"BEA-BLS historical KLEMS research data, value added double-deflated to millions of 1982 dollars, total hours."
1970,Total economy,2.200840957678196e6,127525.192142,17.258087760632797,0.017258087760632798,194.519348022381,"BEA-BLS historical KLEMS research data, value added double-deflated to millions of 1982 dollars, total hours."
1971,Measurable sectors,850400.004790514,46990.886445,18.09712625416965,0.01809712625416965,293.3323741679136,"BEA-BLS historical KLEMS research data, value added double-deflated to millions of 1982 dollars, total hours."
1971,Unmeasurable sectors,1.4257916211213327e6,79532.396089,17.92718051051566,0.017927180510515662,149.08858769540788,"BEA-BLS historical KLEMS research data, value added double-deflated to millions of 1982 dollars, total hours."
1971,Total economy,2.2761916259118468e6,126523.282534,17.990298546832094,0.017990298546832092,202.77224177990004,"BEA-BLS historical KLEMS research data, value added double-deflated to millions of 1982 dollars, total hours."
1972,Measurable sectors,908675.3219965207,48372.403716999994,18.784994173799472,0.01878499417379947,304.48187531771464,"BEA-BLS historical KLEMS research data, value added double-deflated to millions of 1982 dollars, total hours."
1972,Unmeasurable sectors,1.4942627916639345e6,80900.789307,18.470311655347995,0.018470311655347994,153.6054527578724,"BEA-BLS historical KLEMS research data, value added double-deflated to millions of 1982 dollars, total hours."
1972,Total economy,2.402938113660455e6,129273.193024,18.588061897831686,0.018588061897831687,209.5097516895061,"BEA-BLS historical KLEMS research data, value added double-deflated to millions of 1982 dollars, total hours."
1973,Measurable sectors,949704.4435751224,50564.02365000001,18.7822165844415,0.0187822165844415,304.436853977343,"BEA-BLS historical KLEMS research data, value added double-deflated to millions of 1982 dollars, total hours."
1973,Unmeasurable sectors,1.5619384033647582e6,83553.08926500002,18.693963527917653,0.01869396352791765,155.46541851195653,"BEA-BLS historical KLEMS research data, value added double-deflated to millions of 1982 dollars, total hours."
1973,Total economy,2.5116428469398804e6,134117.11291500003,18.72723616211225,0.01872723616211225,211.07841257041224,"BEA-BLS historical KLEMS research data, value added double-deflated to millions of 1982 dollars, total hours."
1974,Measurable sectors,897826.9393152293,49252.647677,18.22900862514436,0.01822900862514436,295.4700267678667,"BEA-BLS historical KLEMS research data, value added double-deflated to millions of 1982 dollars, total hours."
1974,Unmeasurable sectors,1.5710825236530697e6,83839.445921,18.73918066125419,0.018739180661254188,155.84145971625102,"BEA-BLS historical KLEMS research data, value added double-deflated to millions of 1982 dollars, total hours."
1974,Total economy,2.468909462968299e6,133092.093598,18.550384145474137,0.018550384145474136,209.08507823059267,"BEA-BLS historical KLEMS research data, value added double-deflated to millions of 1982 dollars, total hours."
1975,Measurable sectors,852584.3876458015,45582.177614999986,18.7043364809591,0.0187043364809591,303.17451235834307,"BEA-BLS historical KLEMS research data, value added double-deflated to millions of 1982 dollars, total hours."
1975,Unmeasurable sectors,1.605941403428789e6,83492.658081,19.23452241598049,0.01923452241598049,159.9608918040459,"BEA-BLS historical KLEMS research data, value added double-deflated to millions of 1982 dollars, total hours."
1975,Total economy,2.4585257910745908e6,129074.835696,19.047289720088948,0.01904728972008895,214.68580003380683,"BEA-BLS historical KLEMS research data, value added double-deflated to millions of 1982 dollars, total hours."
1976,Measurable sectors,903259.5951805351,47279.79440100001,19.104558440326688,0.01910455844032669,309.6616228468595,"BEA-BLS historical KLEMS research data, value added double-deflated to millions of 1982 dollars, total hours."
1976,Unmeasurable sectors,1.6546840766409845e6,85243.808593,19.411193656789088,0.01941119365678909,161.43015049551158,"BEA-BLS historical KLEMS research data, value added double-deflated to millions of 1982 dollars, total hours."
1976,Total economy,2.5579436718215197e6,132523.60299400002,19.301796917922086,0.019301796917922085,217.55440140356194,"BEA-BLS historical KLEMS research data, value added double-deflated to millions of 1982 dollars, total hours."
1977,Measurable sectors,943089.4624478729,48610.66891400001,19.400873995713734,0.019400873995713733,314.46453708549666,"BEA-BLS historical KLEMS research data, value added double-deflated to millions of 1982 dollars, total hours."
1977,Unmeasurable sectors,1.6944139894499588e6,87654.018159,19.330705255021815,0.019330705255021816,160.76078131398833,"BEA-BLS historical KLEMS research data, value added double-deflated to millions of 1982 dollars, total hours."
1977,Total economy,2.6375034518978316e6,136264.687073,19.355737047888738,0.01935573704788874,218.16237136285778,"BEA-BLS historical KLEMS research data, value added double-deflated to millions of 1982 dollars, total hours."
1978,Measurable sectors,980458.8998690208,50075.687194000006,19.579539589154113,0.019579539589154114,317.36048873936267,"BEA-BLS historical KLEMS research data, value added double-deflated to millions of 1982 dollars, total hours."
1978,Unmeasurable sectors,1.770885830283203e6,91536.397887,19.346247734910094,0.019346247734910095,160.89003791261902,"BEA-BLS historical KLEMS research data, value added double-deflated to millions of 1982 dollars, total hours."
1978,Total economy,2.7513447301522237e6,141612.085081,19.42874245922229,0.019428742459222288,218.9852299096257,"BEA-BLS historical KLEMS research data, value added double-deflated to millions of 1982 dollars, total hours."
1979,Measurable sectors,984628.6069278913,50802.189206999996,19.381617648717786,0.019381617648717785,314.15241515504255,"BEA-BLS historical KLEMS research data, value added double-deflated to millions of 1982 dollars, total hours."
1979,Unmeasurable sectors,1.8201427831226438e6,94004.44824400001,19.362304839003375,0.019362304839003374,161.02357430281387,"BEA-BLS historical KLEMS research data, value added double-deflated to millions of 1982 dollars, total hours."
1979,Total economy,2.804771390050535e6,144806.63745100002,19.36908030890241,0.01936908030890241,218.31276591808728,"BEA-BLS historical KLEMS research data, value added double-deflated to millions of 1982 dollars, total hours."
1980,Measurable sectors,934922.8658478092,48890.63272200001,19.122740160961524,0.019122740160961525,309.9563263929015,"BEA-BLS historical KLEMS research data, value added double-deflated to millions of 1982 dollars, total hours."
1980,Unmeasurable sectors,1.8218894390166162e6,93981.41284099998,19.38563577564994,0.019385635775649942,161.21760238169708,"BEA-BLS historical KLEMS research data, value added double-deflated to millions of 1982 dollars, total hours."
1980,Total economy,2.756812304864425e6,142872.045563,19.295673229853758,0.019295673229853757,217.48538009441896,"BEA-BLS historical KLEMS research data, value added double-deflated to millions of 1982 dollars, total hours."
1981,Measurable sectors,960425.6042196852,49035.820006999995,19.586204617004096,0.019586204617004097,317.4685207227656,"BEA-BLS historical KLEMS research data, value added double-deflated to millions of 1982 dollars, total hours."
1981,Unmeasurable sectors,1.8541186633181614e6,94017.899414,19.720911388944184,0.019720911388944183,164.00586948512864,"BEA-BLS historical KLEMS research data, value added double-deflated to millions of 1982 dollars, total hours."
1981,Total economy,2.8145442675378467e6,143053.719421,19.67473672777974,0.01967473672777974,221.75788035622907,"BEA-BLS historical KLEMS research data, value added double-deflated to millions of 1982 dollars, total hours."
1982,Measurable sectors,916014.0,45201.029938,20.265334689418598,0.020265334689418598,328.47639201195847,"BEA-BLS historical KLEMS research data, value added double-deflated to millions of 1982 dollars, total hours."
1982,Unmeasurable sectors,1.828330875e6,93383.850829,19.578662250156626,0.019578662250156625,162.82287681150183,"BEA-BLS historical KLEMS research data, value added double-deflated to millions of 1982 dollars, total hours."
1982,Total economy,2.744344875e6,138584.880767,19.802628250725363,0.019802628250725363,223.1993712100257,"BEA-BLS historical KLEMS research data, value added double-deflated to millions of 1982 dollars, total hours."
1983,Measurable sectors,957400.181358861,45049.53442199999,21.25216594672094,0.02125216594672094,344.47172472622896,"BEA-BLS historical KLEMS research data, value added double-deflated to millions of 1982 dollars, total hours."
1983,Unmeasurable sectors,1.9057283818498165e6,95050.066649,20.04973219942362,0.02004973219942362,166.74045623235764,"BEA-BLS historical KLEMS research data, value added double-deflated to millions of 1982 dollars, total hours."
1983,Total economy,2.863128563208678e6,140099.60107099998,20.436379128286706,0.020436379128286705,230.3425037066079,"BEA-BLS historical KLEMS research data, value added double-deflated to millions of 1982 dollars, total hours."
1984,Measurable sectors,1.051228795836233e6,47290.115234,22.22935576778707,0.02222935576778707,360.3107815024397,"BEA-BLS historical KLEMS research data, value added double-deflated to millions of 1982 dollars, total hours."
1984,Unmeasurable sectors,2.023909075064287e6,99367.807312,20.367854839641538,0.020367854839641538,169.38607332290925,"BEA-BLS historical KLEMS research data, value added double-deflated to millions of 1982 dollars, total hours."
1984,Total economy,3.07513787090052e6,146657.922546,20.968099216978803,0.020968099216978803,236.33562683921372,"BEA-BLS historical KLEMS research data, value added double-deflated to millions of 1982 dollars, total hours."
1985,Measurable sectors,1.0991968806848782e6,46408.58251800001,23.68520693900841,0.02368520693900841,383.9083557521689,"BEA-BLS historical KLEMS research data, value added double-deflated to millions of 1982 dollars, total hours."
1985,Unmeasurable sectors,2.110977414954041e6,101917.73828100001,20.71256143002125,0.02071256143002125,172.25277166952688,"BEA-BLS historical KLEMS research data, value added double-deflated to millions of 1982 dollars, total hours."
1985,Total economy,3.2101742956389193e6,148326.32079900004,21.642647632237104,0.021642647632237104,243.93859651728445,"BEA-BLS historical KLEMS research data, value added double-deflated to millions of 1982 dollars, total hours."
1986,Measurable sectors,1.123065253958491e6,44841.460632999995,25.045242463221594,0.025045242463221595,405.9528750679492,"BEA-BLS historical KLEMS research data, value added double-deflated to millions of 1982 dollars, total hours."
1986,Unmeasurable sectors,2.190140387087421e6,103475.173706,21.165853688829575,0.021165853688829575,176.02250571327977,"BEA-BLS historical KLEMS research data, value added double-deflated to millions of 1982 dollars, total hours."
1986,Total economy,3.313205641045912e6,148316.63433899998,22.338732643252154,0.022338732643252153,251.78430946003954,"BEA-BLS historical KLEMS research data, value added double-deflated to millions of 1982 dollars, total hours."
1987,Measurable sectors,1.1883705840735496e6,45026.984710000004,26.39240872395405,0.02639240872395405,427.78879929754964,"BEA-BLS historical KLEMS research data, value added double-deflated to millions of 1982 dollars, total hours."
1987,Unmeasurable sectors,2.215367910922753e6,106771.658326,20.748651333659094,0.020748651333659093,172.5529076981831,"BEA-BLS historical KLEMS research data, value added double-deflated to millions of 1982 dollars, total hours."
1987,Total economy,3.4037384949963028e6,151798.64303600002,22.422720170094568,0.022422720170094567,252.73094962029325,"BEA-BLS historical KLEMS research data, value added double-deflated to millions of 1982 dollars, total hours."
1988,Measurable sectors,1.239790588085211e6,46082.896176999995,26.903486780068988,0.02690348678006899,436.0727520909262,"BEA-BLS historical KLEMS research data, value added double-deflated to millions of 1982 dollars, total hours."
1988,Unmeasurable sectors,2.3060578823169037e6,109774.97649999999,21.007136196625865,0.021007136196625864,174.70255655890338,"BEA-BLS historical KLEMS research data, value added double-deflated to millions of 1982 dollars, total hours."
1988,Total economy,3.545848470402115e6,155857.87267699998,22.75052526702026,0.02275052526702026,256.4257062246635,"BEA-BLS historical KLEMS research data, value added double-deflated to millions of 1982 dollars, total hours."
1989,Measurable sectors,1.2565192668626239e6,46062.564117,27.278534987132613,0.027278534987132612,442.151826716382,"BEA-BLS historical KLEMS research data, value added double-deflated to millions of 1982 dollars, total hours."
1989,Unmeasurable sectors,2.392452133620283e6,112798.86303699999,21.209895819920785,0.021209895819920783,176.38877519551278,"BEA-BLS historical KLEMS research data, value added double-deflated to millions of 1982 dollars, total hours."
1989,Total economy,3.648971400482907e6,158861.42715399998,22.969524231616028,0.022969524231616027,258.89408721806177,"BEA-BLS historical KLEMS research data, value added double-deflated to millions of 1982 dollars, total hours."
1990,Measurable sectors,1.2662126649574419e6,45223.967192,27.998708286287446,0.027998708286287446,453.8249587201306,"BEA-BLS historical KLEMS research data, value added double-deflated to millions of 1982 dollars, total hours."
1990,Unmeasurable sectors,2.4287530356545993e6,113081.575317,21.477884693824876,0.021477884693824875,178.61746267400432,"BEA-BLS historical KLEMS research data, value added double-deflated to millions of 1982 dollars, total hours."
1990,Total economy,3.694965700612041e6,158305.542509,23.34072226436402,0.02334072226436402,263.0779342536549,"BEA-BLS historical KLEMS research data, value added double-deflated to millions of 1982 dollars, total hours."
