year,patent_applications,patent_applications_measure,source_segment,period_type,nominal_rd_investment_millions,rd_quantity_index,real_rd_investment_millions_1972_dollars,patent_applications_per_million_1972_rd_dollars,patent_applications_per_billion_1972_rd_dollars,source_note
1901,43973.0,utility applications,PTMT calendar-year series,calendar year,5.0,0.01,9.49308073706801,4632.110609603991,4.632110609603991e6,"USPTO utility patent applications divided by BEA Fixed Assets private R&D investment, deflated with BEA Fixed Assets Table 2.8 and rebased to 1972 dollars."
1902,48320.0,utility applications,PTMT calendar-year series,calendar year,9.0,0.02,18.98616147413602,2545.0115372622386,2.5450115372622386e6,"USPTO utility patent applications divided by BEA Fixed Assets private R&D investment, deflated with BEA Fixed Assets Table 2.8 and rebased to 1972 dollars."
1903,49289.0,utility applications,PTMT calendar-year series,calendar year,14.0,0.03,28.479242211204024,1730.6991399022972,1.7306991399022972e6,"USPTO utility patent applications divided by BEA Fixed Assets private R&D investment, deflated with BEA Fixed Assets Table 2.8 and rebased to 1972 dollars."
1904,51168.0,utility applications,PTMT calendar-year series,calendar year,18.0,0.039,37.023014874565234,1382.059245400686,1.382059245400686e6,"USPTO utility patent applications divided by BEA Fixed Assets private R&D investment, deflated with BEA Fixed Assets Table 2.8 and rebased to 1972 dollars."
1905,54034.0,utility applications,PTMT calendar-year series,calendar year,23.0,0.049,46.51609561163324,1161.6194198914366,1.1616194198914366e6,"USPTO utility patent applications divided by BEA Fixed Assets private R&D investment, deflated with BEA Fixed Assets Table 2.8 and rebased to 1972 dollars."
1906,55471.0,utility applications,PTMT calendar-year series,calendar year,27.0,0.059,56.009176348701246,990.3912825757217,990391.2825757216,"USPTO utility patent applications divided by BEA Fixed Assets private R&D investment, deflated with BEA Fixed Assets Table 2.8 and rebased to 1972 dollars."
1907,57679.0,utility applications,PTMT calendar-year series,calendar year,32.0,0.069,65.50225708576926,880.5650761694301,880565.0761694302,"USPTO utility patent applications divided by BEA Fixed Assets private R&D investment, deflated with BEA Fixed Assets Table 2.8 and rebased to 1972 dollars."
1908,60142.0,utility applications,PTMT calendar-year series,calendar year,36.0,0.079,74.99533782283727,801.9431840159776,801943.1840159777,"USPTO utility patent applications divided by BEA Fixed Assets private R&D investment, deflated with BEA Fixed Assets Table 2.8 and rebased to 1972 dollars."
1909,64408.0,utility applications,PTMT calendar-year series,calendar year,41.0,0.089,84.48841855990528,762.329335757805,762329.335757805,"USPTO utility patent applications divided by BEA Fixed Assets private R&D investment, deflated with BEA Fixed Assets Table 2.8 and rebased to 1972 dollars."
1910,63293.0,utility applications,PTMT calendar-year series,calendar year,45.0,0.098,93.03219122326648,680.3344000369091,680334.400036909,"USPTO utility patent applications divided by BEA Fixed Assets private R&D investment, deflated with BEA Fixed Assets Table 2.8 and rebased to 1972 dollars."
1911,67370.0,utility applications,PTMT calendar-year series,calendar year,50.0,0.108,102.52527196033449,657.1062793772882,657106.2793772881,"USPTO utility patent applications divided by BEA Fixed Assets private R&D investment, deflated with BEA Fixed Assets Table 2.8 and rebased to 1972 dollars."
1912,68969.0,utility applications,PTMT calendar-year series,calendar year,54.0,0.118,112.01835269740249,615.6937532040611,615693.7532040611,"USPTO utility patent applications divided by BEA Fixed Assets private R&D investment, deflated with BEA Fixed Assets Table 2.8 and rebased to 1972 dollars."
1913,68117.0,utility applications,PTMT calendar-year series,calendar year,59.0,0.128,121.5114334344705,560.5809928720378,560580.9928720378,"USPTO utility patent applications divided by BEA Fixed Assets private R&D investment, deflated with BEA Fixed Assets Table 2.8 and rebased to 1972 dollars."
1914,67774.0,utility applications,PTMT calendar-year series,calendar year,63.0,0.138,131.00451417153852,517.3409514061179,517340.95140611794,"USPTO utility patent applications divided by BEA Fixed Assets private R&D investment, deflated with BEA Fixed Assets Table 2.8 and rebased to 1972 dollars."
1915,67138.0,utility applications,PTMT calendar-year series,calendar year,68.0,0.148,140.49759490860652,477.85871383544446,477858.7138354445,"USPTO utility patent applications divided by BEA Fixed Assets private R&D investment, deflated with BEA Fixed Assets Table 2.8 and rebased to 1972 dollars."
1916,68075.0,utility applications,PTMT calendar-year series,calendar year,72.0,0.158,149.99067564567454,453.861546439158,453861.546439158,"USPTO utility patent applications divided by BEA Fixed Assets private R&D investment, deflated with BEA Fixed Assets Table 2.8 and rebased to 1972 dollars."
1917,67590.0,utility applications,PTMT calendar-year series,calendar year,77.0,0.167,158.53444830903575,426.3426701321398,426342.6701321398,"USPTO utility patent applications divided by BEA Fixed Assets private R&D investment, deflated with BEA Fixed Assets Table 2.8 and rebased to 1972 dollars."
1918,57347.0,utility applications,PTMT calendar-year series,calendar year,81.0,0.177,168.02752904610375,341.29526468406857,341295.26468406856,"USPTO utility patent applications divided by BEA Fixed Assets private R&D investment, deflated with BEA Fixed Assets Table 2.8 and rebased to 1972 dollars."
1919,76710.0,utility applications,PTMT calendar-year series,calendar year,86.0,0.187,177.52060978317175,432.1188401374667,432118.8401374667,"USPTO utility patent applications divided by BEA Fixed Assets private R&D investment, deflated with BEA Fixed Assets Table 2.8 and rebased to 1972 dollars."
1920,81915.0,utility applications,PTMT calendar-year series,calendar year,90.0,0.197,187.01369052023978,438.01606060030485,438016.06060030486,"USPTO utility patent applications divided by BEA Fixed Assets private R&D investment, deflated with BEA Fixed Assets Table 2.8 and rebased to 1972 dollars."
1921,87467.0,utility applications,PTMT calendar-year series,calendar year,111.0,0.271,257.26248797454303,339.99126996181093,339991.26996181096,"USPTO utility patent applications divided by BEA Fixed Assets private R&D investment, deflated with BEA Fixed Assets Table 2.8 and rebased to 1972 dollars."
1922,83962.0,utility applications,PTMT calendar-year series,calendar year,116.0,0.303,287.64034633316066,291.8992452566117,291899.2452566117,"USPTO utility patent applications divided by BEA Fixed Assets private R&D investment, deflated with BEA Fixed Assets Table 2.8 and rebased to 1972 dollars."
1923,76783.0,utility applications,PTMT calendar-year series,calendar year,121.0,0.309,293.33619477540145,261.75767384856954,261757.67384856954,"USPTO utility patent applications divided by BEA Fixed Assets private R&D investment, deflated with BEA Fixed Assets Table 2.8 and rebased to 1972 dollars."
1924,76987.0,utility applications,PTMT calendar-year series,calendar year,127.0,0.324,307.57581588100345,250.30251412804554,250302.51412804553,"USPTO utility patent applications divided by BEA Fixed Assets private R&D investment, deflated with BEA Fixed Assets Table 2.8 and rebased to 1972 dollars."
1925,80208.0,utility applications,PTMT calendar-year series,calendar year,132.0,0.328,311.37304817583066,257.5945492710306,257594.5492710306,"USPTO utility patent applications divided by BEA Fixed Assets private R&D investment, deflated with BEA Fixed Assets Table 2.8 and rebased to 1972 dollars."
1926,81365.0,utility applications,PTMT calendar-year series,calendar year,137.0,0.338,320.8661289128987,253.5792739347913,253579.2739347913,"USPTO utility patent applications divided by BEA Fixed Assets private R&D investment, deflated with BEA Fixed Assets Table 2.8 and rebased to 1972 dollars."
1927,87219.0,utility applications,PTMT calendar-year series,calendar year,141.0,0.355,337.0043661659143,258.80673592537454,258806.73592537452,"USPTO utility patent applications divided by BEA Fixed Assets private R&D investment, deflated with BEA Fixed Assets Table 2.8 and rebased to 1972 dollars."
1928,87603.0,utility applications,PTMT calendar-year series,calendar year,166.0,0.42,398.7093909568564,219.71641999643634,219716.41999643634,"USPTO utility patent applications divided by BEA Fixed Assets private R&D investment, deflated with BEA Fixed Assets Table 2.8 and rebased to 1972 dollars."
1929,89752.0,utility applications,PTMT calendar-year series,calendar year,189.0,0.48,455.6678753792644,196.96802177528323,196968.02177528324,"USPTO utility patent applications divided by BEA Fixed Assets private R&D investment, deflated with BEA Fixed Assets Table 2.8 and rebased to 1972 dollars."
1930,89554.0,utility applications,PTMT calendar-year series,calendar year,202.0,0.533,505.9812032857249,176.99076451547415,176990.76451547415,"USPTO utility patent applications divided by BEA Fixed Assets private R&D investment, deflated with BEA Fixed Assets Table 2.8 and rebased to 1972 dollars."
1931,79740.0,utility applications,PTMT calendar-year series,calendar year,224.0,0.645,612.3037075408865,130.22949072160463,130229.49072160463,"USPTO utility patent applications divided by BEA Fixed Assets private R&D investment, deflated with BEA Fixed Assets Table 2.8 and rebased to 1972 dollars."
1932,67006.0,utility applications,PTMT calendar-year series,calendar year,192.0,0.643,610.405091393473,109.77300311672415,109773.00311672415,"USPTO utility patent applications divided by BEA Fixed Assets private R&D investment, deflated with BEA Fixed Assets Table 2.8 and rebased to 1972 dollars."
1933,56558.0,utility applications,PTMT calendar-year series,calendar year,180.0,0.651,617.9995559831274,91.51786510594863,91517.86510594863,"USPTO utility patent applications divided by BEA Fixed Assets private R&D investment, deflated with BEA Fixed Assets Table 2.8 and rebased to 1972 dollars."
1934,56643.0,utility applications,PTMT calendar-year series,calendar year,211.0,0.74,702.4879745430326,80.6319852476424,80631.98524764241,"USPTO utility patent applications divided by BEA Fixed Assets private R&D investment, deflated with BEA Fixed Assets Table 2.8 and rebased to 1972 dollars."
1935,58117.0,utility applications,PTMT calendar-year series,calendar year,234.0,0.795,754.6999185969067,77.00676595811441,77006.76595811441,"USPTO utility patent applications divided by BEA Fixed Assets private R&D investment, deflated with BEA Fixed Assets Table 2.8 and rebased to 1972 dollars."
1936,62599.0,utility applications,PTMT calendar-year series,calendar year,246.0,0.808,767.0409235550952,81.61103023012777,81611.03023012777,"USPTO utility patent applications divided by BEA Fixed Assets private R&D investment, deflated with BEA Fixed Assets Table 2.8 and rebased to 1972 dollars."
1937,65324.0,utility applications,PTMT calendar-year series,calendar year,260.0,0.812,770.8381558499224,84.74411846929668,84744.11846929668,"USPTO utility patent applications divided by BEA Fixed Assets private R&D investment, deflated with BEA Fixed Assets Table 2.8 and rebased to 1972 dollars."
1938,66874.0,utility applications,PTMT calendar-year series,calendar year,284.0,0.919,872.41411973655,76.65396339549673,76653.96339549673,"USPTO utility patent applications divided by BEA Fixed Assets private R&D investment, deflated with BEA Fixed Assets Table 2.8 and rebased to 1972 dollars."
1939,64093.0,utility applications,PTMT calendar-year series,calendar year,306.0,0.969,919.8795234218901,69.67542854044444,69675.42854044445,"USPTO utility patent applications divided by BEA Fixed Assets private R&D investment, deflated with BEA Fixed Assets Table 2.8 and rebased to 1972 dollars."
1940,60863.0,utility applications,PTMT calendar-year series,calendar year,359.0,1.12,1063.225042551617,57.24376078834246,57243.760788342464,"USPTO utility patent applications divided by BEA Fixed Assets private R&D investment, deflated with BEA Fixed Assets Table 2.8 and rebased to 1972 dollars."
1941,52339.0,utility applications,PTMT calendar-year series,calendar year,582.0,1.638,1554.9666247317398,33.65924333522556,33659.24333522556,"USPTO utility patent applications divided by BEA Fixed Assets private R&D investment, deflated with BEA Fixed Assets Table 2.8 and rebased to 1972 dollars."
1942,45549.0,utility applications,PTMT calendar-year series,calendar year,640.0,1.536,1458.1372012136462,31.23780119051099,31237.80119051099,"USPTO utility patent applications divided by BEA Fixed Assets private R&D investment, deflated with BEA Fixed Assets Table 2.8 and rebased to 1972 dollars."
1943,45493.0,utility applications,PTMT calendar-year series,calendar year,480.0,1.005,954.0546140753348,47.68385302983058,47683.85302983058,"USPTO utility patent applications divided by BEA Fixed Assets private R&D investment, deflated with BEA Fixed Assets Table 2.8 and rebased to 1972 dollars."
1944,54190.0,utility applications,PTMT calendar-year series,calendar year,507.0,0.99,939.8149929697328,57.66028463619671,57660.28463619671,"USPTO utility patent applications divided by BEA Fixed Assets private R&D investment, deflated with BEA Fixed Assets Table 2.8 and rebased to 1972 dollars."
1945,67846.0,utility applications,PTMT calendar-year series,calendar year,525.0,1.008,956.9025382964553,70.90168254834414,70901.68254834415,"USPTO utility patent applications divided by BEA Fixed Assets private R&D investment, deflated with BEA Fixed Assets Table 2.8 and rebased to 1972 dollars."
1946,81056.0,utility applications,PTMT calendar-year series,calendar year,841.0,1.556,1477.1233626877822,54.87422516458614,54874.22516458614,"USPTO utility patent applications divided by BEA Fixed Assets private R&D investment, deflated with BEA Fixed Assets Table 2.8 and rebased to 1972 dollars."
1947,75443.0,utility applications,PTMT calendar-year series,calendar year,1051.0,1.787,1696.413527714053,44.472057530489494,44472.057530489496,"USPTO utility patent applications divided by BEA Fixed Assets private R&D investment, deflated with BEA Fixed Assets Table 2.8 and rebased to 1972 dollars."
1948,68740.0,utility applications,PTMT calendar-year series,calendar year,1139.0,1.815,1722.9941537778436,39.89566641841495,39895.66641841495,"USPTO utility patent applications divided by BEA Fixed Assets private R&D investment, deflated with BEA Fixed Assets Table 2.8 and rebased to 1972 dollars."
1949,67592.0,utility applications,PTMT calendar-year series,calendar year,972.0,1.576,1496.1095241619182,45.17851060259996,45178.510602599956,"USPTO utility patent applications divided by BEA Fixed Assets private R&D investment, deflated with BEA Fixed Assets Table 2.8 and rebased to 1972 dollars."
1950,67264.0,utility applications,PTMT calendar-year series,calendar year,1188.0,1.856,1761.9157847998224,38.17662602281647,38176.62602281647,"USPTO utility patent applications divided by BEA Fixed Assets private R&D investment, deflated with BEA Fixed Assets Table 2.8 and rebased to 1972 dollars."
1951,60438.0,utility applications,PTMT calendar-year series,calendar year,1371.0,1.969,1869.187597128691,32.333833207988555,32333.83320798855,"USPTO utility patent applications divided by BEA Fixed Assets private R&D investment, deflated with BEA Fixed Assets Table 2.8 and rebased to 1972 dollars."
1952,64554.0,utility applications,PTMT calendar-year series,calendar year,1881.0,2.679,2543.1963294605193,25.38301870453456,25383.01870453456,"USPTO utility patent applications divided by BEA Fixed Assets private R&D investment, deflated with BEA Fixed Assets Table 2.8 and rebased to 1972 dollars."
1953,72284.0,utility applications,PTMT calendar-year series,calendar year,2396.0,3.374,3202.965440686746,22.567836381182317,22567.836381182315,"USPTO utility patent applications divided by BEA Fixed Assets private R&D investment, deflated with BEA Fixed Assets Table 2.8 and rebased to 1972 dollars."
1954,77185.0,utility applications,PTMT calendar-year series,calendar year,2530.0,3.579,3397.573595796641,22.71768302399412,22717.68302399412,"USPTO utility patent applications divided by BEA Fixed Assets private R&D investment, deflated with BEA Fixed Assets Table 2.8 and rebased to 1972 dollars."
1955,77188.0,utility applications,PTMT calendar-year series,calendar year,2683.0,3.728,3539.0204987789534,21.810554651105214,21810.554651105216,"USPTO utility patent applications divided by BEA Fixed Assets private R&D investment, deflated with BEA Fixed Assets Table 2.8 and rebased to 1972 dollars."
1956,74906.0,utility applications,PTMT calendar-year series,calendar year,3562.0,4.759,4517.757122770666,16.580351259357073,16580.351259357074,"USPTO utility patent applications divided by BEA Fixed Assets private R&D investment, deflated with BEA Fixed Assets Table 2.8 and rebased to 1972 dollars."
1957,74197.0,utility applications,PTMT calendar-year series,calendar year,3711.0,4.849,4603.194849404277,16.11858772600126,16118.58772600126,"USPTO utility patent applications divided by BEA Fixed Assets private R&D investment, deflated with BEA Fixed Assets Table 2.8 and rebased to 1972 dollars."
1958,77495.0,utility applications,PTMT calendar-year series,calendar year,3976.0,5.13,4869.950418115888,15.912893016677092,15912.893016677092,"USPTO utility patent applications divided by BEA Fixed Assets private R&D investment, deflated with BEA Fixed Assets Table 2.8 and rebased to 1972 dollars."
1959,78594.0,utility applications,PTMT calendar-year series,calendar year,4364.0,5.533,5252.52157181973,14.963098946925639,14963.09894692564,"USPTO utility patent applications divided by BEA Fixed Assets private R&D investment, deflated with BEA Fixed Assets Table 2.8 and rebased to 1972 dollars."
1960,79590.0,utility applications,PTMT calendar-year series,calendar year,4847.0,6.098,5788.880633464071,13.748772006095637,13748.772006095636,"USPTO utility patent applications divided by BEA Fixed Assets private R&D investment, deflated with BEA Fixed Assets Table 2.8 and rebased to 1972 dollars."
1961,83100.0,utility applications,PTMT calendar-year series,calendar year,5136.0,6.464,6136.327388440762,13.54230221753466,13542.302217534661,"USPTO utility patent applications divided by BEA Fixed Assets private R&D investment, deflated with BEA Fixed Assets Table 2.8 and rebased to 1972 dollars."
1962,85029.0,utility applications,PTMT calendar-year series,calendar year,5561.0,6.995,6640.409975579072,12.804781679550608,12804.781679550608,"USPTO utility patent applications divided by BEA Fixed Assets private R&D investment, deflated with BEA Fixed Assets Table 2.8 and rebased to 1972 dollars."
1963,85869.0,utility applications,PTMT calendar-year series,calendar year,5952.0,7.507,7126.455709316954,12.04932767458822,12049.32767458822,"USPTO utility patent applications divided by BEA Fixed Assets private R&D investment, deflated with BEA Fixed Assets Table 2.8 and rebased to 1972 dollars."
1964,87592.0,utility applications,PTMT calendar-year series,calendar year,6446.0,8.091,7680.851624361726,11.403943766102739,11403.943766102739,"USPTO utility patent applications divided by BEA Fixed Assets private R&D investment, deflated with BEA Fixed Assets Table 2.8 and rebased to 1972 dollars."
1965,94629.0,utility applications,PTMT calendar-year series,calendar year,7176.0,9.067,8607.376304299563,10.993942480791835,10993.942480791835,"USPTO utility patent applications divided by BEA Fixed Assets private R&D investment, deflated with BEA Fixed Assets Table 2.8 and rebased to 1972 dollars."
1966,88525.0,utility applications,PTMT calendar-year series,calendar year,8037.000000000001,10.106,9593.70739288093,9.227402543639233,9227.402543639233,"USPTO utility patent applications divided by BEA Fixed Assets private R&D investment, deflated with BEA Fixed Assets Table 2.8 and rebased to 1972 dollars."
1967,85697.0,utility applications,PTMT calendar-year series,calendar year,8935.0,11.168,10601.872567157552,8.083194686330403,8083.194686330404,"USPTO utility patent applications divided by BEA Fixed Assets private R&D investment, deflated with BEA Fixed Assets Table 2.8 and rebased to 1972 dollars."
1968,93471.0,utility applications,PTMT calendar-year series,calendar year,9870.0,12.083,11470.489454599276,8.14882402097683,8148.82402097683,"USPTO utility patent applications divided by BEA Fixed Assets private R&D investment, deflated with BEA Fixed Assets Table 2.8 and rebased to 1972 dollars."
1969,98750.0,utility applications,PTMT calendar-year series,calendar year,10927.0,12.881,12228.0372974173,8.075703205522371,8075.703205522371,"USPTO utility patent applications divided by BEA Fixed Assets private R&D investment, deflated with BEA Fixed Assets Table 2.8 and rebased to 1972 dollars."
1970,103175.0,utility applications,PTMT calendar-year series,calendar year,11419.0,12.929,12273.604084955228,8.4062512759777,8406.2512759777,"USPTO utility patent applications divided by BEA Fixed Assets private R&D investment, deflated with BEA Fixed Assets Table 2.8 and rebased to 1972 dollars."
1971,104729.0,utility applications,PTMT calendar-year series,calendar year,11848.0,12.909,12254.617923481093,8.546084476393881,8546.084476393882,"USPTO utility patent applications divided by BEA Fixed Assets private R&D investment, deflated with BEA Fixed Assets Table 2.8 and rebased to 1972 dollars."
1972,99298.0,utility applications,PTMT calendar-year series,calendar year,12828.0,13.513,12828.0,7.7407234175241655,7740.723417524166,"USPTO utility patent applications divided by BEA Fixed Assets private R&D investment, deflated with BEA Fixed Assets Table 2.8 and rebased to 1972 dollars."
1973,104079.0,utility applications,PTMT calendar-year series,calendar year,14525.0,14.422,13690.921038999482,7.602045158504981,7602.045158504981,"USPTO utility patent applications divided by BEA Fixed Assets private R&D investment, deflated with BEA Fixed Assets Table 2.8 and rebased to 1972 dollars."
1974,102538.0,utility applications,PTMT calendar-year series,calendar year,16300.999999999998,14.476,13742.18367497965,7.461550684021973,7461.550684021973,"USPTO utility patent applications divided by BEA Fixed Assets private R&D investment, deflated with BEA Fixed Assets Table 2.8 and rebased to 1972 dollars."
1975,101014.0,utility applications,PTMT calendar-year series,calendar year,17408.0,14.234,13512.451121142603,7.4756237113743085,7475.623711374308,"USPTO utility patent applications divided by BEA Fixed Assets private R&D investment, deflated with BEA Fixed Assets Table 2.8 and rebased to 1972 dollars."
1976,102344.0,utility applications,PTMT calendar-year series,calendar year,19479.0,15.132,14364.929771331312,7.124573640746381,7124.573640746381,"USPTO utility patent applications divided by BEA Fixed Assets private R&D investment, deflated with BEA Fixed Assets Table 2.8 and rebased to 1972 dollars."
1977,100931.0,utility applications,PTMT calendar-year series,calendar year,21623.0,15.939,15131.0213868127,6.670468398647924,6670.468398647924,"USPTO utility patent applications divided by BEA Fixed Assets private R&D investment, deflated with BEA Fixed Assets Table 2.8 and rebased to 1972 dollars."
1978,100916.0,utility applications,PTMT calendar-year series,calendar year,24773.0,17.177,16306.264782061717,6.188787030553816,6188.787030553816,"USPTO utility patent applications divided by BEA Fixed Assets private R&D investment, deflated with BEA Fixed Assets Table 2.8 and rebased to 1972 dollars."
1979,100494.0,utility applications,PTMT calendar-year series,calendar year,28856.0,18.447,17511.886035669355,5.73861660561902,5738.61660561902,"USPTO utility patent applications divided by BEA Fixed Assets private R&D investment, deflated with BEA Fixed Assets Table 2.8 and rebased to 1972 dollars."
1980,104329.0,utility applications,PTMT calendar-year series,calendar year,33954.0,19.686,18688.07873899208,5.582649851657616,5582.649851657617,"USPTO utility patent applications divided by BEA Fixed Assets private R&D investment, deflated with BEA Fixed Assets Table 2.8 and rebased to 1972 dollars."
1981,106413.0,utility applications,PTMT calendar-year series,calendar year,39422.0,20.953,19890.852068378597,5.349846232538708,5349.846232538707,"USPTO utility patent applications divided by BEA Fixed Assets private R&D investment, deflated with BEA Fixed Assets Table 2.8 and rebased to 1972 dollars."
1982,109625.0,utility applications,PTMT calendar-year series,calendar year,44496.0,22.054,20936.040257529785,5.236185957398159,5236.185957398159,"USPTO utility patent applications divided by BEA Fixed Assets private R&D investment, deflated with BEA Fixed Assets Table 2.8 and rebased to 1972 dollars."
1983,103703.0,utility applications,PTMT calendar-year series,calendar year,49317.0,23.297,22116.03019314734,4.689042250997306,4689.042250997307,"USPTO utility patent applications divided by BEA Fixed Assets private R&D investment, deflated with BEA Fixed Assets Table 2.8 and rebased to 1972 dollars."
1984,111284.0,utility applications,PTMT calendar-year series,calendar year,56570.0,25.692,24389.62302967513,4.562760148633683,4562.7601486336835,"USPTO utility patent applications divided by BEA Fixed Assets private R&D investment, deflated with BEA Fixed Assets Table 2.8 and rebased to 1972 dollars."
1985,117006.0,utility applications,PTMT calendar-year series,calendar year,62656.0,27.895,26480.94871605121,4.418497284769778,4418.497284769777,"USPTO utility patent applications divided by BEA Fixed Assets private R&D investment, deflated with BEA Fixed Assets Table 2.8 and rebased to 1972 dollars."
1986,122433.0,utility applications,PTMT calendar-year series,calendar year,66128.0,29.023,27551.76822319248,4.443743828279542,4443.743828279542,"USPTO utility patent applications divided by BEA Fixed Assets private R&D investment, deflated with BEA Fixed Assets Table 2.8 and rebased to 1972 dollars."
1987,127917.0,utility applications,PTMT calendar-year series,calendar year,69242.0,29.767,28258.05343003034,4.526744926600652,4526.744926600652,"USPTO utility patent applications divided by BEA Fixed Assets private R&D investment, deflated with BEA Fixed Assets Table 2.8 and rebased to 1972 dollars."
1988,139825.0,utility applications,PTMT calendar-year series,calendar year,76350.0,31.373,29782.642196403467,4.694848733632007,4694.848733632008,"USPTO utility patent applications divided by BEA Fixed Assets private R&D investment, deflated with BEA Fixed Assets Table 2.8 and rebased to 1972 dollars."
1989,152750.0,utility applications,PTMT calendar-year series,calendar year,84112.0,33.545,31844.539332494634,4.796740766293066,4796.740766293066,"USPTO utility patent applications divided by BEA Fixed Assets private R&D investment, deflated with BEA Fixed Assets Table 2.8 and rebased to 1972 dollars."
1990,164558.0,utility applications,PTMT calendar-year series,calendar year,91475.0,35.654,33846.63005994228,4.86187250277408,4861.87250277408,"USPTO utility patent applications divided by BEA Fixed Assets private R&D investment, deflated with BEA Fixed Assets Table 2.8 and rebased to 1972 dollars."
1991,164306.0,utility applications,PTMT calendar-year series,calendar year,101024.0,38.253,36313.88174350625,4.524605801179095,4524.605801179095,"USPTO utility patent applications divided by BEA Fixed Assets private R&D investment, deflated with BEA Fixed Assets Table 2.8 and rebased to 1972 dollars."
1992,173075.0,utility applications,PTMT calendar-year series,calendar year,105416.0,38.968,36992.63701620662,4.678633748769387,4678.633748769387,"USPTO utility patent applications divided by BEA Fixed Assets private R&D investment, deflated with BEA Fixed Assets Table 2.8 and rebased to 1972 dollars."
1993,174743.0,utility applications,PTMT calendar-year series,calendar year,106325.0,38.823,36854.987345519134,4.741366436020373,4741.366436020373,"USPTO utility patent applications divided by BEA Fixed Assets private R&D investment, deflated with BEA Fixed Assets Table 2.8 and rebased to 1972 dollars."
1994,189857.0,utility applications,PTMT calendar-year series,calendar year,109207.0,39.042,37062.88581366092,5.122563875747124,5122.563875747124,"USPTO utility patent applications divided by BEA Fixed Assets private R&D investment, deflated with BEA Fixed Assets Table 2.8 and rebased to 1972 dollars."
1995,212377.0,utility applications,PTMT calendar-year series,calendar year,121188.0,41.2,39111.492636720206,5.430040780407541,5430.040780407541,"USPTO utility patent applications divided by BEA Fixed Assets private R&D investment, deflated with BEA Fixed Assets Table 2.8 and rebased to 1972 dollars."
1996,195187.0,utility applications,PTMT calendar-year series,calendar year,134505.0,45.103,42816.642048397836,4.55867136379752,4558.67136379752,"USPTO utility patent applications divided by BEA Fixed Assets private R&D investment, deflated with BEA Fixed Assets Table 2.8 and rebased to 1972 dollars."
1997,215257.0,utility applications,PTMT calendar-year series,calendar year,148111.0,48.212,45768.040849552286,4.70321639301949,4703.21639301949,"USPTO utility patent applications divided by BEA Fixed Assets private R&D investment, deflated with BEA Fixed Assets Table 2.8 and rebased to 1972 dollars."
1998,243062.0,utility applications,PTMT calendar-year series,calendar year,160555.0,51.47,48860.886553689044,4.974572037961694,4974.572037961693,"USPTO utility patent applications divided by BEA Fixed Assets private R&D investment, deflated with BEA Fixed Assets Table 2.8 and rebased to 1972 dollars."
1999,270187.0,utility applications,PTMT calendar-year series,calendar year,177474.0,55.561,52744.505883223566,5.122561970685525,5122.561970685525,"USPTO utility patent applications divided by BEA Fixed Assets private R&D investment, deflated with BEA Fixed Assets Table 2.8 and rebased to 1972 dollars."
2000,295926.0,utility applications,PTMT calendar-year series,calendar year,198979.0,60.053,57008.79775031451,5.190883015917792,5190.883015917791,"USPTO utility patent applications divided by BEA Fixed Assets private R&D investment, deflated with BEA Fixed Assets Table 2.8 and rebased to 1972 dollars."
2001,326508.0,utility applications,PTMT calendar-year series,calendar year,202698.0,61.337,58227.70931695405,5.607433365147533,5607.433365147533,"USPTO utility patent applications divided by BEA Fixed Assets private R&D investment, deflated with BEA Fixed Assets Table 2.8 and rebased to 1972 dollars."
2002,334445.0,utility applications,PTMT calendar-year series,calendar year,196089.0,59.751,56722.10671205506,5.896202016927572,5896.202016927572,"USPTO utility patent applications divided by BEA Fixed Assets private R&D investment, deflated with BEA Fixed Assets Table 2.8 and rebased to 1972 dollars."
2003,342441.0,utility applications,PTMT calendar-year series,calendar year,201009.0,60.247,57192.96351661363,5.987467320180505,5987.467320180505,"USPTO utility patent applications divided by BEA Fixed Assets private R&D investment, deflated with BEA Fixed Assets Table 2.8 and rebased to 1972 dollars."
2004,356943.0,utility applications,PTMT calendar-year series,calendar year,207439.0,60.733,57654.32724043514,6.191087765389144,6191.087765389144,"USPTO utility patent applications divided by BEA Fixed Assets private R&D investment, deflated with BEA Fixed Assets Table 2.8 and rebased to 1972 dollars."
2005,390733.0,utility applications,PTMT calendar-year series,calendar year,224665.0,64.037,60790.84111596241,6.427497840581805,6427.497840581806,"USPTO utility patent applications divided by BEA Fixed Assets private R&D investment, deflated with BEA Fixed Assets Table 2.8 and rebased to 1972 dollars."
2006,425967.0,utility applications,PTMT calendar-year series,calendar year,245591.0,68.45,64980.13764523053,6.555341608010052,6555.341608010052,"USPTO utility patent applications divided by BEA Fixed Assets private R&D investment, deflated with BEA Fixed Assets Table 2.8 and rebased to 1972 dollars."
2007,456154.0,utility applications,PTMT calendar-year series,calendar year,268028.0,72.492,68817.24087915341,6.628484289293576,6628.484289293576,"USPTO utility patent applications divided by BEA Fixed Assets private R&D investment, deflated with BEA Fixed Assets Table 2.8 and rebased to 1972 dollars."
2008,456321.0,utility applications,PTMT calendar-year series,calendar year,284161.0,74.62,70837.36846000148,6.44181185609207,6441.81185609207,"USPTO utility patent applications divided by BEA Fixed Assets private R&D investment, deflated with BEA Fixed Assets Table 2.8 and rebased to 1972 dollars."
2009,456106.0,utility applications,PTMT calendar-year series,calendar year,274615.0,72.794,69103.93191741286,6.600290133202537,6600.290133202538,"USPTO utility patent applications divided by BEA Fixed Assets private R&D investment, deflated with BEA Fixed Assets Table 2.8 and rebased to 1972 dollars."
2010,490226.0,utility applications,PTMT calendar-year series,calendar year,282427.0,73.063,69359.29578923999,7.067920664731589,7067.92066473159,"USPTO utility patent applications divided by BEA Fixed Assets private R&D investment, deflated with BEA Fixed Assets Table 2.8 and rebased to 1972 dollars."
2011,503582.0,utility applications,PTMT calendar-year series,calendar year,303397.0,76.125,72266.07711093021,6.968442457821381,6968.442457821381,"USPTO utility patent applications divided by BEA Fixed Assets private R&D investment, deflated with BEA Fixed Assets Table 2.8 and rebased to 1972 dollars."
2012,542815.0,utility applications,PTMT calendar-year series,calendar year,313449.0,76.729,72839.45918744912,7.452210739279237,7452.210739279237,"USPTO utility patent applications divided by BEA Fixed Assets private R&D investment, deflated with BEA Fixed Assets Table 2.8 and rebased to 1972 dollars."
2013,571612.0,utility applications,PTMT calendar-year series,calendar year,338696.0,81.879,77728.39576703915,7.35396626109699,7353.96626109699,"USPTO utility patent applications divided by BEA Fixed Assets private R&D investment, deflated with BEA Fixed Assets Table 2.8 and rebased to 1972 dollars."
2014,578802.0,utility applications,PTMT calendar-year series,calendar year,364410.0,86.056,81693.65559091246,7.08502999178293,7085.02999178293,"USPTO utility patent applications divided by BEA Fixed Assets private R&D investment, deflated with BEA Fixed Assets Table 2.8 and rebased to 1972 dollars."
2015,589410.0,utility applications,PTMT calendar-year series,calendar year,385339.0,89.476,84940.28920298972,6.939109879781926,6939.109879781926,"USPTO utility patent applications divided by BEA Fixed Assets private R&D investment, deflated with BEA Fixed Assets Table 2.8 and rebased to 1972 dollars."
2016,605571.0,utility applications,PTMT calendar-year series,calendar year,413167.0,97.349,92414.19166728336,6.552792261390144,6552.792261390145,"USPTO utility patent applications divided by BEA Fixed Assets private R&D investment, deflated with BEA Fixed Assets Table 2.8 and rebased to 1972 dollars."
2017,606956.0,utility applications,PTMT calendar-year series,calendar year,437476.0,100.0,94930.8073706801,6.393667312129716,6393.667312129715,"USPTO utility patent applications divided by BEA Fixed Assets private R&D investment, deflated with BEA Fixed Assets Table 2.8 and rebased to 1972 dollars."
2018,597141.0,utility applications,PTMT calendar-year series,calendar year,479549.0,105.716,100357.05231998816,5.950164798543681,5950.164798543681,"USPTO utility patent applications divided by BEA Fixed Assets private R&D investment, deflated with BEA Fixed Assets Table 2.8 and rebased to 1972 dollars."
2019,621453.0,utility applications,PTMT calendar-year series,calendar year,535610.0,116.094,110208.97150891734,5.638860353122126,5638.860353122126,"USPTO utility patent applications divided by BEA Fixed Assets private R&D investment, deflated with BEA Fixed Assets Table 2.8 and rebased to 1972 dollars."
2020,597175.0,utility applications,PTMT calendar-year series,calendar year,568695.0,117.785,111814.25146155554,5.340777156705497,5340.777156705496,"USPTO utility patent applications divided by BEA Fixed Assets private R&D investment, deflated with BEA Fixed Assets Table 2.8 and rebased to 1972 dollars."
2021,593294.0,utility applications,USPTO workload-table fiscal-year extension,fiscal year,639295.0,127.442,120981.71952934212,4.903997085742415,4903.997085742415,"USPTO utility patent applications divided by BEA Fixed Assets private R&D investment, deflated with BEA Fixed Assets Table 2.8 and rebased to 1972 dollars."
2022,589572.0,utility applications,USPTO workload-table fiscal-year extension,fiscal year,719989.0,139.562,132487.33338266856,4.4500254095771945,4450.025409577195,"USPTO utility patent applications divided by BEA Fixed Assets private R&D investment, deflated with BEA Fixed Assets Table 2.8 and rebased to 1972 dollars."
2023,594645.0,utility applications,USPTO workload-table fiscal-year extension,fiscal year,769428.0,147.741,140251.72411751648,4.239840927030236,4239.840927030236,"USPTO utility patent applications divided by BEA Fixed Assets private R&D investment, deflated with BEA Fixed Assets Table 2.8 and rebased to 1972 dollars."
2024,598982.0,utility applications,USPTO workload-table fiscal-year extension,fiscal year,796450.0,149.53,141950.03626137794,4.21966781957753,4219.66781957753,"USPTO utility patent applications divided by BEA Fixed Assets private R&D investment, deflated with BEA Fixed Assets Table 2.8 and rebased to 1972 dollars."
