"Variable","1929","1930","1931","1932","1933","1934","1935","1936","1937","1938","1939","1940","1941","1942","1943","1944","1945","1946","1947","1948","1949","1950","1951","1952","1953","1954","1955","1956","1957","1958","1959","1960","1961","1962","1963","1964","1965","1966","1967","1968","1969","1970","1971","1972","1973","1974","1975","1976","1977","1978","1979","1980","1981","1982","1983","1984","1985","1986","1987","1988","1989","1990","1991","1992","1993","1994","1995","1996","1997","1998","1999","2000","2001","2002","2003","2004","2005","2006","2007","2008","2009","2010","2011","2012","2013","2014","2015","2016","2017","2018","2019","2020","2021","2022"
"ADJUSTED GDI",NaN,NaN,NaN,NaN,NaN,NaN,NaN,NaN,NaN,NaN,NaN,NaN,NaN,NaN,NaN,NaN,NaN,NaN,NaN,NaN,NaN,NaN,NaN,NaN,NaN,NaN,NaN,NaN,NaN,NaN,609.4415112926829,633.4323760487805,NaN,702.4308317073171,740.8095903414635,794.4438439268295,860.3944738536587,943.2898559756097,998.7698930487805,1091.3542332439026,1181.4417783414633,1248.939348487805,NaN,1487.2171831951218,1658.2338477073172,NaN,1973.0566589756102,NaN,2434.124093878049,2749.0789308292674,3073.3837190243908,3344.4819505365854,3725.7131623658533,3888.666614731708,4201.351660853658,4649.09869490244,4999.4582593170735,5294.6632471707335,5629.937852219513,6069.245945512195,6534.758112097561,6903.705192560973,7117.866833585367,7526.474791414633,7916.315345780488,8401.21832595122,8805.2927372439,9288.730984512196,9837.252896243903,10372.420247658536,10991.216692756097,11682.100345487803,12094.445057560975,12532.610043365854,13136.71275790244,14020.553169878049,14956.515495999998,15854.223657121951,16618.409321390245,16972.322523682928,16707.497588780487,17316.884208975607,17903.641099219512,18634.86228002439,19297.12787178049,20070.861906585367,20831.7205104878,21374.41845060976,22259.84426036586,23350.889978439023,24298.982821756093,24187.524184878053,26855.557689780493,29481.722153097562
"  NIPA GDI",103.822,92.606,76.653,59.248,56.636,66.428,74.471,83.648,93.048,86.671,92.148,101.834,128.991,166.859,204.909,221.915,224.176,226.303,246.753,274.719,270.731,298.565,343.468,364.737,385.426,387.641,423.348,451.386,474.395,480.584,521.454,543.69,563.124,603.951,638.918,684.51,741.547,808.333,856.6,937.518,1016.032,1067.965,1155.333,1271.943,1419.232,1537.793,1671.561,1852.757,2062.378,2328.274,2582.331,2813.037,3169.341,3335.141,3577.187,3996.19,4284.907,4499.783,4811.61,5233.615,5573.751,5867.789,6065.418,6404.817,6703.129,7147.99,7547.593,8016.095,8567.298,9119.217,9660.488,10346.717,10698.659,11010.778,11480.643,12245.295,13096.193,14025.375,14461.933,14578.667,14286.347,14979.526,15624.026,16407.611,16910.471,17749.078,18387.992,18752.004,19544.2,20593.076,21482.943,21254.695,23687.817,26055.012
"      +NIPA statistical desc.",0.735,-0.446,0.737,0.273,0.518,0.373,-0.231,1.182,-0.045,0.681,1.289,1.065,0.318,-0.907,-1.825,2.533,3.832,1.231,2.864,-0.25,1.743,1.262,3.447,2.604,3.792,2.909,2.13,-2.033,-0.357,0.645,0.2,-1.309,-0.915,-0.029,-1.467,-0.05,0.743,5.081,3.358,3.133,1.583,5.338,9.517,7.167,6.144,7.45,13.343,20.655,19.448,23.325,45.003,44.27,37.7,8.648,56.85,41.423,54.072,79.848,43.605,2.823,67.828,95.355,92.712,115.51,155.43,139.247,92.156,57.027,10.255,-56.401,-29.316,-95.765,-116.73,-81.67,-24.194,-28.099,-56.997,-209.792,12.294,191.195,191.72,69.445,-24.295,-153.641,-29.787,-140.94,-92.973,52.909,67.902,63.44,57.039,120.586,37.828,-0.397
"      +FA durable depreciation",7.314,6.726,6.064,4.763,4.911,5.0,5.346,5.694,6.145,5.626,5.797,6.207,8.774,7.259,8.37,8.004,9.167,10.727,12.663,15.359,16.64,18.827,22.72,23.404,24.294,26.467,28.339,31.968,32.393,35.315,34.88,37.332,38.138,39.151,41.01,43.407,45.803,49.022,52.84,58.534,64.33,69.344,75.271,80.973,88.953,99.552,111.165,122.813,137.0,154.403,172.59,192.685,207.859,214.501,219.431,236.745,261.373,287.957,314.462,337.874,363.607,387.059,407.036,420.034,442.54,466.805,491.592,512.024,530.862,554.025,581.09,622.886,656.001,685.706,714.954,756.322,800.168,841.19,879.846,911.052,921.15,914.983,931.386,950.885,967.679,981.351,1006.754,1028.057,1072.556,1114.393,1163.032,1218.447,1360.415,1543.579
"      +Misreported S corp inc",NaN,NaN,NaN,NaN,NaN,NaN,NaN,NaN,NaN,NaN,NaN,NaN,NaN,NaN,NaN,NaN,NaN,NaN,NaN,NaN,NaN,NaN,NaN,NaN,NaN,NaN,NaN,NaN,NaN,NaN,0.2481512926829267,0.2888960487804877,NaN,0.4301517073170731,0.5000303414634144,0.5938439268292681,0.7192738536585366,0.839575975609756,0.9323330487804875,1.0453932439024387,1.2057383414634142,1.2316284878048775,NaN,1.4355831951219504,1.7098077073170734,NaN,1.7801389756097552,NaN,2.383893878048779,2.704090829268292,2.3191990243902434,2.091790536585365,1.7014023658536581,1.889814731707315,2.810900853658535,3.506614902439024,3.757699317073171,4.728127170731704,12.863412219512192,17.566185512195112,19.10771209756097,21.007232560975602,20.675553585365844,26.746391414634132,29.768345780487785,34.417965951219514,36.31473724390243,42.12170451219511,48.29113624390237,53.47316765853655,58.93037275609757,61.744865487804844,62.73973756097561,66.42444336585365,72.950317902439,85.86504987804875,104.10753599999998,111.59713712195122,112.32120139024391,103.41616368292682,96.58998878048777,107.71940897560972,115.80273921951203,137.28760002439014,139.37407178048778,150.19434658536568,160.22327048780477,167.67301060975603,169.7281803658537,170.73325843902444,176.5542617560975,188.04434487804872,240.46316978048776,244.3666330975608
"      +Imputed Kcd services",1.56816,1.4750800000000002,1.29072,1.13908,1.11496,1.11372,1.1102400000000001,1.17144,1.23424,1.22524,1.26128,1.3800800000000002,1.5962,1.80044,1.9830400000000001,2.10832,2.1599600000000003,2.4704,2.93424,3.32292,3.67128,4.2992,4.80044,5.08,5.405,5.548719999999999,5.92396,6.3628800000000005,6.73988,6.904120000000001,7.208640000000001,7.416760000000001,7.535,7.78836,8.19376,8.615920000000001,9.11472,9.98068,10.876880000000002,12.082360000000001,13.18844,14.17028,15.11584,16.38032,18.16128,21.026840000000004,23.11984,25.42084,28.20464,31.803919999999998,35.82304,39.63476,42.43116,44.09696,47.00368,50.78332,55.08520000000001,60.895360000000004,66.10648,72.01304,77.02332,81.56168,84.69788000000001,87.73872,92.08992,96.96544,101.17224,105.11716000000001,108.71843999999999,113.35052,119.64372,128.07023999999998,134.572,141.04736,147.10404,155.92876,164.25080000000003,171.93036,178.99156,182.64988000000002,182.40532,181.42008,185.78616000000002,189.0976,191.09336,194.0704,199.625,205.46912,210.70544,218.86419999999998,226.85372,240.89096,279.83824,305.57259999999997
"      +Imputed Kg services",1.70832,1.69364,1.60156,1.38976,1.59148,1.8974000000000002,1.9088399999999999,2.18536,2.32512,2.42816,2.5015199999999997,2.6430000000000002,3.30632,4.89872,6.463640000000001,7.35952,8.073,8.22268,8.70076,8.7136,8.15724,8.648200000000001,9.736040000000001,10.441479999999999,10.720360000000001,11.38944,12.33184,13.72068,14.421479999999999,15.241,15.72224,16.37888,17.29804,18.49168,19.544800000000002,20.62188,22.0498,23.90192,25.943600000000004,28.25636,31.233800000000002,34.78008,37.66408,41.10308,46.53464,56.76092,59.6182,63.121840000000006,67.17144,73.88504,83.80352,95.74456,105.17268,111.44216,114.73152,121.0582,125.55488,132.65404,139.90416,147.62416,155.57248,163.239,168.50092,175.55344000000002,183.111,192.9086,201.86788,209.27648000000002,218.57108,227.80952000000002,240.55096000000003,253.55900000000003,264.08384,275.87028,287.8294,318.96684,348.42052000000007,384.2622,414.0852,441.40904,443.48724000000004,460.56919999999997,485.18136,500.65268,517.84648,529.8926,537.6979600000001,553.49176,576.2904,606.3406,627.639,650.20716,725.79488,801.89324
"      +Imputed private IPP inv",12.546719999999999,11.059199999999999,9.28692,7.142639999999999,6.85848,8.016,8.90892,10.179599999999999,11.160359999999999,10.482240000000001,11.212439999999999,12.34788,15.51708,19.91424,24.370079999999998,26.93364,27.36084,27.304199999999998,29.95392,32.93616,32.697,35.97924,41.62968,44.08092,46.70616,46.86588,51.057359999999996,53.92236,56.884679999999996,57.747479999999996,62.598479999999995,65.08583999999999,67.46507999999999,72.47064,76.494,82.1352,89.07468,97.60968,103.19507999999999,112.87812,122.1138,128.79636000000002,139.78199999999998,153.49319999999997,171.04512,185.42916,202.18848,224.80944,249.81912,282.19188,315.27996,342.87683999999996,384.84492,401.25468,436.08456,484.51356,520.6774800000001,549.5557200000001,582.6258,628.37256,676.9896,715.57728,738.97548,782.43924,823.02708,874.46832,916.76988,968.77464,1029.30624,1087.53804,1155.74064,1230.1142399999999,1269.83148,1311.49296,1374.7740000000001,1466.06352,1564.70364,1657.86996,1736.90736,1772.3834399999998,1737.3680399999998,1805.8765199999998,1871.96784,1950.4763999999998,2025.6819600000001,2112.9765599999996,2195.40228,2256.58956,2353.4522399999996,2478.78192,2584.7978399999997,2565.03372,2847.0774,3126.55368
"      -NIPA private IPP inv",0.577,0.556,0.5,0.442,0.428,0.501,0.563,0.644,0.704,0.754,0.771,0.819,1.13,1.196,1.142,1.237,1.433,1.837,2.02,2.075,2.04,2.261,2.359,2.983,3.667,3.888,4.318,5.225,5.586,5.986,6.63,7.142,7.979,8.399,9.243,9.808,11.135,12.802,14.003,15.582,17.152,17.947,18.678,20.577,22.681,25.517,27.811,32.189,35.817,40.358,48.068,54.354,64.773,72.674,81.343,95.048,105.327,113.543,120.116,132.674,150.117,164.426,179.129,187.667,196.912,205.705,226.849,253.303,287.964,318.126,365.127,411.339,415.04,406.222,418.656,437.819,473.134,506.332,544.828,574.384,564.354,578.17,621.733,655.691,694.599,741.461,778.879,843.007,906.246,992.217,1074.887,1136.206,1263.051,1423.69
"      -NIPA sales tax",2.2809999999999997,2.2439999999999998,2.13,2.146,2.9019999999999997,3.718,3.9670000000000005,4.4030000000000005,4.779000000000001,4.655,4.861000000000001,5.388,6.605,7.115,7.936999999999999,9.146,10.453,11.996,12.760000000000002,13.788,14.262,15.806999999999999,17.049,18.735999999999997,20.005,19.216,21.019,22.784000000000002,24.006999999999998,23.956,26.240000000000002,28.308999999999997,29.388000000000005,31.424,33.141000000000005,35.581999999999994,37.522000000000006,38.676,40.973,46.510999999999996,51.092999999999996,54.739,60.047999999999995,64.701,70.86500000000001,75.922,81.908,88.141,96.46399999999998,107.15,115.698,131.50400000000002,158.56400000000002,155.63299999999998,171.404,190.07300000000004,200.642,207.21499999999997,221.12300000000002,237.968,249.00400000000002,263.457,281.02,298.697,315.86799999999994,345.879,355.324,368.40200000000004,388.08500000000004,408.46599999999995,430.78400000000005,453.88700000000006,459.6720000000001,470.81699999999995,498.692,541.97,591.197,621.877,633.141,634.066,587.216,624.4850000000001,664.481,691.816,730.6320000000001,764.3,784.122,798.768,828.744,902.522,944.989,914.1740000000001,1060.625,1171.1680000000001
"  = Sweat income",NaN,NaN,NaN,NaN,NaN,NaN,NaN,NaN,NaN,NaN,NaN,NaN,NaN,NaN,NaN,NaN,NaN,NaN,NaN,NaN,NaN,NaN,NaN,NaN,NaN,NaN,NaN,NaN,NaN,NaN,NaN,NaN,NaN,NaN,NaN,NaN,NaN,NaN,NaN,NaN,NaN,NaN,NaN,NaN,NaN,NaN,NaN,NaN,NaN,NaN,NaN,NaN,NaN,NaN,NaN,NaN,NaN,NaN,NaN,NaN,NaN,NaN,NaN,NaN,NaN,NaN,NaN,NaN,766.6313824842878,770.2668530716799,858.3029218497354,857.2599464098488,881.5998040214687,939.8954891287315,1055.7994030546631,1177.0057149145705,1338.3116614355558,1293.3429277849782,1466.642456043186,1472.3118711617906,1403.7995728184467,1497.9607833269347,1481.4281827129605,1574.0135061354724,1704.5688200080872,1650.0857916287637,1684.7520562335894,1849.2983593328406,1890.63365030969,1860.7961789532262,1961.5274323598014,2127.647825130788,2561.1696794767354,2535.3149913490392
"    NIPA proprietors' income",14.015,10.872,8.315,5.012,5.268,7.007,10.124,10.393,12.521,10.598,11.12,12.234,16.65,23.341,28.225,29.346,30.824,35.671,34.579,39.279,34.69,37.514,42.594,43.04,42.017,42.255,44.272,45.819,47.785,50.158,50.346,50.587,53.199,55.234,56.398,59.132,63.662,67.933,69.475,73.832,77.005,77.803,83.904,95.094,112.521,112.213,118.238,130.974,144.492,165.974,179.438,171.569,179.68,171.191,186.25,228.247,241.051,256.479,286.468,325.524,341.13,353.154,354.162,400.155,427.984,456.644,481.186,543.784,583.958,640.276,696.352,753.559,831.057,870.133,897.509,962.895,979.14,1050.869,995.398,960.304,938.126,1108.503,1228.337,1299.922,1351.739,1369.965,1347.722,1349.214,1428.634,1495.331,1555.775,1599.507,1818.662,1868.919
"      -NIPA proprietors' IVA,CCadj",NaN,NaN,NaN,NaN,NaN,NaN,NaN,NaN,NaN,NaN,NaN,NaN,NaN,NaN,NaN,NaN,NaN,NaN,NaN,-1.1260000000000001,-0.04299999999999997,-1.563,-1.026,-0.43099999999999994,-0.677,-0.47100000000000003,-0.656,-0.8829999999999999,-0.7999999999999999,-0.749,-0.76,-0.653,-0.74,-0.625,-0.554,-0.508,-0.924,-1.195,-1.289,-1.472,-1.555,-1.865,-2.281,-1.9909999999999999,-3.209,-5.739999999999999,-5.035,-5.109,-5.1160000000000005,-5.692,-5.8469999999999995,-6.914,-2.537,-3.005,5.936999999999999,15.966000000000001,25.384999999999998,30.235,24.219,23.217,22.775,12.233,9.369,10.727999999999998,10.532,5.6129999999999995,5.026999999999999,11.605,21.502,28.404,36.95,44.906,67.5,83.95,88.728,91.41199999999999,55.976,62.955000000000005,67.55,129.858,130.625,134.762,182.15699999999998,156.587,187.84699999999998,199.53,228.435,242.388,294.876,348.52,368.89599999999996,399.82,374.111,419.569
"      -NIPA prop inc, other private",NaN,NaN,NaN,NaN,NaN,NaN,NaN,NaN,NaN,NaN,NaN,NaN,NaN,NaN,NaN,NaN,NaN,NaN,NaN,0.198,0.198,0.202,0.245,0.267,0.285,0.293,0.306,0.309,0.311,0.346,0.322,0.346,0.386,0.424,0.447,0.455,0.458,0.474,0.48,0.464,0.448,0.447,0.475,0.557,0.6,0.562,0.548,0.569,0.613,0.631,0.666,0.568,0.6,0.724,0.998,1.257,1.018,0.982,1.626,1.848,1.922,1.542,1.771,1.865,1.888,2.345,2.347,2.123,2.368,1.622,0.978,0.71,0.522,1.25,1.211,2.267,2.346,2.834,3.35,3.983,4.403,4.625,4.887,5.594,5.776,6.364,6.195,5.826,5.537,5.806,6.772,6.661,7.466,7.641
"      +IRS S corp comp (true)",NaN,NaN,NaN,NaN,NaN,NaN,NaN,NaN,NaN,NaN,NaN,NaN,NaN,NaN,NaN,NaN,NaN,NaN,NaN,NaN,NaN,NaN,NaN,NaN,NaN,NaN,NaN,NaN,NaN,NaN,1.0742048780487803,1.3354780487804876,NaN,1.8211792682926828,2.1322756097560975,2.4198658536585365,2.720470731707317,3.124101219512195,3.422960975609756,3.9498487804878044,4.808532926829268,5.3432865853658535,NaN,5.532708536585365,6.331503658536585,NaN,7.317603658536585,NaN,9.458187804878047,10.687187804878048,10.699408536585365,11.378915853658537,10.768480487804878,11.50845731707317,14.302289024390243,16.854037804878047,18.63700243902439,24.115528048780487,42.01033658536585,56.85399756097561,66.55654512195122,77.37744512195121,79.40697682926829,92.2541012195122,99.36275853658536,101.02611585365852,107.96923658536585,120.42551585365854,132.03692195121948,144.80556219512195,159.89266097560977,173.38175365853655,174.7099743902439,185.35216341463413,196.04220731707318,211.9319207317073,233.37092073170732,259.094493902439,273.76477926829267,281.81913780487804,267.2340170731707,270.3782987804878,286.63060365853653,301.2975902439024,309.7353682926829,321.2667609756097,332.7533731707317,339.42203902439024,357.5703195121951,352.4062865853659,358.1252012195122,369.6132914634146,414.75370853658535,426.77655365853656
"      +IRS S corp bus inc (true)",NaN,NaN,NaN,NaN,NaN,NaN,NaN,NaN,NaN,NaN,NaN,NaN,NaN,NaN,NaN,NaN,NaN,NaN,NaN,NaN,NaN,NaN,NaN,NaN,NaN,NaN,NaN,NaN,NaN,NaN,0.30441341463414634,0.26949999999999996,NaN,0.5685524390243902,0.645670731707317,0.8792670731707316,1.2754951219512194,1.540209756097561,1.7566670731707315,1.857891463414634,1.8900134146341463,1.4990939024390244,NaN,2.442753658536585,3.1674280487804873,NaN,2.572057317073171,NaN,3.7856670731707314,4.335539024390243,2.185030487804878,0.24214268292682925,-1.3162451219512195,-1.0094865853658537,1.3138268292682924,2.6271560975609756,2.23910487804878,2.151845121951219,29.45306463414634,40.73592195121951,39.59741097560975,39.329402439024385,35.45720975609756,56.33696219512195,66.01694024390243,90.18480609756098,93.77930365853658,113.58395365853657,136.24716829268291,152.26759146341462,167.49829878048777,169.64527682926828,173.84412317073168,183.6725219512195,209.23733658536582,265.09613414634146,345.00427926829263,360.88960121951214,350.2418951219512,292.71510487804875,269.37703170731703,328.0628621951219,356.7179475609756,461.41129878048775,464.56503048780485,513.146275609756,557.3759073170731,592.0946865853658,585.3640158536585,596.1118158536585,622.7318085365853,675.0775134146342,921.1527902439024,930.8158524390243
"      +NIPA statistical desc.",0.735,-0.446,0.737,0.273,0.518,0.373,-0.231,1.182,-0.045,0.681,1.289,1.065,0.318,-0.907,-1.825,2.533,3.832,1.231,2.864,-0.25,1.743,1.262,3.447,2.604,3.792,2.909,2.13,-2.033,-0.357,0.645,0.2,-1.309,-0.915,-0.029,-1.467,-0.05,0.743,5.081,3.358,3.133,1.583,5.338,9.517,7.167,6.144,7.45,13.343,20.655,19.448,23.325,45.003,44.27,37.7,8.648,56.85,41.423,54.072,79.848,43.605,2.823,67.828,95.355,92.712,115.51,155.43,139.247,92.156,57.027,10.255,-56.401,-29.316,-95.765,-116.73,-81.67,-24.194,-28.099,-56.997,-209.792,12.294,191.195,191.72,69.445,-24.295,-153.641,-29.787,-140.94,-92.973,52.909,67.902,63.44,57.039,120.586,37.828,-0.397
"      -Estimate of P-T cap inc",NaN,NaN,NaN,NaN,NaN,NaN,NaN,NaN,NaN,NaN,NaN,NaN,NaN,NaN,NaN,NaN,NaN,NaN,NaN,NaN,NaN,NaN,NaN,NaN,NaN,NaN,NaN,NaN,NaN,NaN,NaN,NaN,NaN,NaN,NaN,NaN,NaN,NaN,NaN,NaN,NaN,NaN,NaN,NaN,NaN,NaN,NaN,NaN,NaN,NaN,NaN,NaN,NaN,NaN,NaN,NaN,NaN,NaN,NaN,NaN,NaN,NaN,NaN,NaN,NaN,NaN,NaN,NaN,71.99570775961459,80.65530058685687,98.19603790636197,97.94508407795612,113.25929353950674,132.39219623712205,132.85614084777598,141.13933996347828,103.8845385644438,101.92916733697285,94.15621834705813,119.88037152113618,127.62947596204086,139.04137764867485,178.9183685065516,172.7953828889178,198.0605787724005,207.45824495660202,225.49622425421546,236.12736627691558,248.4236850561639,292.16692348579795,256.47557739629656,230.654979747261,249.64981930375222,263.58941474852173
"  + Nonsweat labor income",NaN,NaN,NaN,NaN,NaN,NaN,NaN,NaN,NaN,NaN,NaN,NaN,NaN,NaN,NaN,NaN,NaN,NaN,NaN,NaN,NaN,NaN,NaN,NaN,NaN,NaN,NaN,NaN,NaN,NaN,216.48715200000007,226.55090799999994,NaN,246.73363300000005,259.00553399999995,277.32971,298.91721399999994,329.8252370000001,350.077172,383.34212400000007,421.56000300000005,442.777505,NaN,515.245179,578.9291670000001,NaN,667.629565,NaN,840.763286,960.9155059999999,1090.7474849999999,1194.8812890000002,1320.725846,1380.1810650000002,1461.2521230000002,1619.3436890000005,1742.795658000001,1853.1552669999994,1969.0505240000005,2119.642722,2239.9336329999996,2358.379494999999,2404.047279,2546.628637,2648.5995380000004,2792.610585,2938.8832259999995,3108.5580770000006,3339.945724,3623.467439000001,3868.8890179999985,4210.529962,4312.551820999999,4288.721226,4399.276389999999,4657.076825,4909.220844999998,5212.288515000001,5496.474880999999,5554.012307,5189.554106,5293.319794999999,5543.890905000002,5836.564976,6031.154998,6362.014256000002,6704.848234000001,6888.563927999999,7250.2933379999995,7659.6838450000005,8041.056334999998,8069.309101000001,8886.771959000002,9615.974226
"    NIPA compensation",51.407,47.166,40.07,31.338,29.786,34.552,37.666,43.288,48.309,45.411,48.551,52.746,66.181,88.026,112.714,124.372,126.368,122.525,132.292,144.227,144.276,158.191,185.691,201.086,215.252,214.196,230.641,249.357,262.654,264.742,285.91,301.438,310.566,332.297,350.471,376.029,405.41,449.225,481.76,530.739,584.436,623.324,664.974,731.334,812.696,887.737,947.273,1048.384,1165.887,1316.864,1477.302,1622.345,1792.681,1893.175,2012.662,2216.083,2387.539,2543.845,2723.761,2948.854,3140.886,3342.68,3453.267,3671.211,3820.61,4010.207,4202.178,4421.067,4713.22,5075.701,5409.932,5854.629,6046.343,6143.368,6362.296,6729.301,7077.721,7491.255,7889.369,8068.679,7767.191,7932.969,8234.013,8575.371,8843.638,9259.655,9709.535,9977.096,10434.978,10967.687,11458.472,11605.744,12569.557,13462.215
"      -IRS S corp comp (reported)",NaN,NaN,NaN,NaN,NaN,NaN,NaN,NaN,NaN,NaN,NaN,NaN,NaN,NaN,NaN,NaN,NaN,NaN,NaN,NaN,NaN,NaN,NaN,NaN,NaN,NaN,NaN,NaN,NaN,NaN,0.880848,1.095092,NaN,1.493367,1.748466,1.98429,2.230786,2.561763,2.806828,3.238876,3.942997,4.381495,NaN,4.536821,5.191833,NaN,6.000435,NaN,7.755714,8.763494,8.773515,9.330711,8.830154,9.436935,11.727877,13.820311,15.282342,19.774733,34.448476,46.620278,54.576367,63.449505,65.113721,75.648363,81.477462,82.841415,88.534774,98.748923,108.270276,118.740561,131.111982,142.173038,143.262179,151.988774,160.75461,173.784175,191.364155,212.457485,224.487119,231.091693,219.131894,221.710205,235.037095,247.064024,253.983002,263.438744,272.857766,278.326072,293.207662,288.973155,293.662665,303.082899,340.098041,349.956774
"      -NIPA household comp",NaN,NaN,NaN,NaN,NaN,NaN,NaN,NaN,NaN,NaN,NaN,NaN,NaN,NaN,NaN,NaN,NaN,NaN,NaN,2.364,2.357,2.573,2.662,2.615,2.691,2.571,3.053,3.268,3.323,3.503,3.553,3.797,3.734,3.807,3.831,3.916,3.968,4.022,4.182,4.377,4.439,4.501,4.555,4.637,4.819,4.588,4.634,5.411,5.931,6.538,6.378,6.103,6.163,6.25,6.283,7.292,7.341,7.739,7.729,8.344,8.963,9.428,9.191,10.222,10.848,11.241,12.033,12.156,12.195,14.133,12.884,13.766,13.068,12.773,14.179,15.112,15.292,16.393,18.043,19.107,17.41,15.321,16.328,17.33,18.235,20.845,21.314,20.047,18.684,21.954,22.967,22.456,22.026,25.126
"      -NIPA nonprof comp",NaN,NaN,NaN,NaN,NaN,NaN,NaN,NaN,NaN,NaN,NaN,NaN,NaN,NaN,NaN,NaN,NaN,NaN,NaN,3.24,3.576,3.881,4.261,4.63,5.111,5.545,6.063,6.594,7.255,8.032,8.851,10.097,10.729,11.818,12.826,13.952,15.348,17.239,19.202,21.709,25.038,27.899,31.041,34.308,38.191,42.555,47.331,51.646,56.439,62.96,70.547,80.426,90.681,101.073,111.845,122.622,132.198,144.378,163.306,184.762,202.783,224.226,243.234,262.796,280.562,296.387,312.153,327.506,346.028,370.825,394.667,421.117,440.414,476.534,503.881,530.607,548.279,574.606,598.495,638.807,669.001,681.158,707.502,741.44,757.266,780.652,814.935,845.894,871.882,913.79,957.465,992.749,1035.747,1115.973
"      -NIPA other private comp",NaN,NaN,NaN,NaN,NaN,NaN,NaN,NaN,NaN,NaN,NaN,NaN,NaN,NaN,NaN,NaN,NaN,NaN,NaN,0.786,0.821,0.951,1.056,1.087,1.155,1.186,1.251,1.313,1.345,1.368,1.429,1.492,1.66,1.823,1.949,2.037,2.133,2.29,2.606,2.769,3.022,3.213,3.449,3.752,4.117,4.374,4.718,5.125,5.695,6.243,6.918,7.61,8.235,8.667,9.274,10.055,10.711,11.157,11.633,11.803,12.546,13.072,13.239,13.796,14.15,14.558,15.01,15.776,17.054,19.754,21.551,23.664,24.996,27.975,28.52,29.71,30.203,31.333,32.269,32.474,31.228,29.777,29.23,29.167,34.642,41.753,49.258,56.867,65.426,68.407,71.144,74.946,76.527,82.471
"      -NIPA govt ent comp",NaN,NaN,NaN,NaN,NaN,NaN,NaN,NaN,NaN,NaN,NaN,NaN,NaN,NaN,NaN,NaN,NaN,NaN,NaN,2.536,2.789,2.935,3.279,3.829,3.868,3.958,4.181,4.352,4.637,5.097,5.405,5.88,6.172,6.579,7.082,7.619,8.22,8.926,9.501,10.711,11.842,13.879,15.362,16.689,18.36,20.787,23.138,24.741,26.308,28.642,31.356,35.377,39.951,41.966,45.01,48.622,52.586,54.381,56.718,61.377,65.251,71.568,74.785,79.914,80.859,84.633,86.828,89.591,92.763,96.634,101.055,108.453,115.483,119.903,123.072,131.192,134.986,139.812,144.782,147.742,147.124,147.776,148.48,147.623,150.79,154.33,161.126,162.982,166.251,173.249,176.466,179.486,184.331,191.703
"      -NIPA gen govt comp",NaN,NaN,NaN,NaN,NaN,NaN,NaN,NaN,NaN,NaN,NaN,NaN,NaN,NaN,NaN,NaN,NaN,NaN,NaN,20.162,22.318,23.937,31.686,36.056,37.018,37.567,39.242,41.59,44.354,47.559,49.304,52.526,56.25,60.043,64.029,69.191,74.593,84.361,93.385,104.592,114.592,126.673,139.282,152.166,163.088,175.839,193.822,207.082,222.995,242.802,262.582,288.617,318.095,345.601,367.27,394.328,426.625,453.26,480.876,516.305,556.833,602.557,643.657,682.206,704.114,727.936,748.736,768.731,796.964,832.147,879.774,934.926,996.568,1065.473,1132.613,1191.819,1248.376,1304.365,1374.818,1445.445,1493.742,1543.907,1553.545,1556.182,1597.567,1636.622,1685.196,1724.416,1769.234,1841.63,1895.711,1963.715,2024.056,2081.011
"      ==> C-corp share",NaN,NaN,NaN,NaN,NaN,NaN,NaN,NaN,NaN,NaN,NaN,NaN,NaN,NaN,NaN,NaN,NaN,NaN,NaN,NaN,NaN,NaN,NaN,NaN,NaN,NaN,NaN,NaN,NaN,NaN,NaN,NaN,NaN,NaN,NaN,NaN,NaN,NaN,NaN,NaN,NaN,NaN,NaN,NaN,NaN,NaN,NaN,NaN,NaN,NaN,NaN,NaN,NaN,NaN,NaN,NaN,NaN,NaN,NaN,NaN,NaN,NaN,NaN,NaN,NaN,2566.1720585162266,2699.3546721219136,2854.947500329754,3068.3070957174928,3328.7397724879083,3553.199306037638,3866.75319060416,3870.5480092390144,3820.7523870436457,3880.1194833516706,4066.418857340993,4251.622806094644,4468.77136635412,4669.749704116722,4709.235148566561,4388.338035903986,4479.048680012267,4692.940724602807,4935.5937417823825,5102.74666889916,5384.773807927027,5676.98166496094,5831.381282821269,6138.893628789225,6491.67303522999,6814.550467717555,6864.87621855607,7543.4649267346385,NaN
"        Pass-thru share",NaN,NaN,NaN,NaN,NaN,NaN,NaN,NaN,NaN,NaN,NaN,NaN,NaN,NaN,NaN,NaN,NaN,NaN,NaN,NaN,NaN,NaN,NaN,NaN,NaN,NaN,NaN,NaN,NaN,NaN,NaN,NaN,NaN,NaN,NaN,NaN,NaN,NaN,NaN,NaN,NaN,NaN,NaN,NaN,NaN,NaN,NaN,NaN,NaN,NaN,NaN,NaN,NaN,NaN,NaN,NaN,NaN,NaN,NaN,NaN,NaN,NaN,NaN,NaN,NaN,226.43752648377378,239.52755387808602,253.61057667024585,271.63862828250666,294.7286665120919,315.6897119623619,343.77677139584,442.00481176098606,467.9688389563546,519.1579066483295,590.657967659007,657.5980389053566,743.51914864588,826.7261768832783,844.7781584334385,801.2170700960139,814.2721149877326,850.9481803971937,900.9692342176171,928.4073291008405,977.2394480729733,1027.8665690390608,1057.1816451787304,1111.3997092107754,1168.0118097700101,1226.505867282445,1204.4328824439303,1343.3080322653607,NaN
"  + Capital income",NaN,NaN,NaN,NaN,NaN,NaN,NaN,NaN,NaN,NaN,NaN,NaN,NaN,NaN,NaN,NaN,NaN,NaN,NaN,NaN,NaN,NaN,NaN,NaN,NaN,NaN,NaN,NaN,NaN,NaN,NaN,NaN,NaN,NaN,NaN,NaN,NaN,NaN,NaN,NaN,NaN,NaN,NaN,NaN,NaN,NaN,NaN,NaN,NaN,NaN,NaN,NaN,NaN,NaN,NaN,NaN,NaN,NaN,NaN,NaN,NaN,NaN,NaN,NaN,NaN,NaN,NaN,NaN,1308.9393497596147,1335.0204705868568,1354.0634529063618,1391.3492770779562,1405.5466275395067,1556.9485082371218,1682.7262748477758,1834.7453699634782,1964.775924564443,2209.3380993369733,2131.458844347058,2027.0151555211364,2109.7076549620406,2368.1668156486744,2505.241271506551,2630.241067888917,2713.8521587724,2920.228128956602,3025.863645254215,2978.0616782769143,3117.720762056164,3378.7212944857974,3431.7218643962965,2802.8502537472614,3442.7151063037522,4260.80290574852
"    NIPA corporate profits",10.601,7.361,2.955,-0.156,-0.173,2.457,3.859,6.126,6.78,4.707,6.268,9.606,15.302,20.411,24.528,24.549,20.11,17.552,23.178,30.132,27.933,34.79,39.454,37.777,38.496,37.498,47.814,46.825,46.048,41.334,52.796,51.543,52.629,60.271,66.427,73.239,84.583,91.594,89.091,96.111,91.821,79.144,92.792,107.678,118.492,108.236,124.228,157.79,186.67,215.7,214.605,187.655,216.215,195.169,242.847,300.699,314.98,284.091,322.803,359.258,351.587,343.243,372.271,408.2,453.787,556.125,623.73,701.602,782.312,732.405,745.039,680.747,618.384,773.589,918.145,1125.412,1304.329,1456.385,1258.028,955.428,1076.888,1388.685,1449.878,1652.37,1682.298,1807.956,1777.928,1724.401,1726.343,1844.577,1938.296,1966.263,2697.79,2913.118
"      +NIPA prop inc iva,ccadj",NaN,NaN,NaN,NaN,NaN,NaN,NaN,NaN,NaN,NaN,NaN,NaN,NaN,NaN,NaN,NaN,NaN,NaN,NaN,-1.1260000000000001,-0.04299999999999997,-1.563,-1.026,-0.43099999999999994,-0.677,-0.47100000000000003,-0.656,-0.8829999999999999,-0.7999999999999999,-0.749,-0.76,-0.653,-0.74,-0.625,-0.554,-0.508,-0.924,-1.195,-1.289,-1.472,-1.555,-1.865,-2.281,-1.9909999999999999,-3.209,-5.739999999999999,-5.035,-5.109,-5.1160000000000005,-5.692,-5.8469999999999995,-6.914,-2.537,-3.005,5.936999999999999,15.966000000000001,25.384999999999998,30.235,24.219,23.217,22.775,12.233,9.369,10.727999999999998,10.532,5.6129999999999995,5.026999999999999,11.605,21.502,28.404,36.95,44.906,67.5,83.95,88.728,91.41199999999999,55.976,62.955000000000005,67.55,129.858,130.625,134.762,182.15699999999998,156.587,187.84699999999998,199.53,228.435,242.388,294.876,348.52,368.89599999999996,399.82,374.111,419.569
"      +NIPA rental income",6.065,5.371,4.44,3.599,2.858,2.516,2.564,2.684,2.966,3.48,3.716,3.847,4.415,5.454,6.024,6.337,6.578,6.899,6.889,7.484,7.798,8.779,9.72,10.816,12.028,13.061,13.423,13.668,14.054,14.798,15.559,16.463,17.2,18.046,18.728,18.831,19.336,19.91,20.345,20.096,20.348,20.664,21.828,22.719,23.117,23.181,22.292,20.308,15.867,16.545,16.093,18.978,23.78,23.833,24.435,24.652,26.204,18.268,16.594,22.492,21.524,28.168,38.577,60.573,90.079,113.667,124.882,142.528,147.059,165.206,178.497,183.476,202.403,208.448,227.098,242.781,221.105,181.12,186.259,290.275,347.592,433.671,506.541,534.468,578.687,598.502,601.351,618.723,642.028,671.488,688.432,743.428,776.719,871.106
"      -NIPA household rental",NaN,NaN,NaN,NaN,NaN,NaN,NaN,NaN,NaN,NaN,NaN,NaN,NaN,NaN,NaN,NaN,NaN,NaN,NaN,2.997,3.398,4.006,4.634,5.607,6.718,7.641,8.044,8.218,8.638,9.155,10.075,10.993,11.664,12.461,12.911,13.057,13.388,13.92,14.438,14.101,14.414,14.508,15.481,15.311,14.544,14.851,13.9,11.998,7.048,7.139,5.727,5.631,5.77,2.147,1.26,-1.181,-4.181,-9.459,-9.849,-3.586,-3.339,-0.068,5.799,19.744,42.601,62.165,68.533,82.712,84.954,101.291,115.188,120.853,134.779,146.074,161.616,172.666,143.408,104.958,107.857,188.862,249.851,318.926,375.466,391.323,430.512,439.286,454.77,478.299,506.845,524.396,537.33,599.965,609.933,668.947
"      -NIPA nonprof rental",NaN,NaN,NaN,NaN,NaN,NaN,NaN,NaN,NaN,NaN,NaN,NaN,NaN,NaN,NaN,NaN,NaN,NaN,NaN,NaN,NaN,NaN,NaN,NaN,NaN,NaN,NaN,NaN,NaN,NaN,NaN,NaN,NaN,NaN,NaN,NaN,NaN,NaN,NaN,NaN,NaN,NaN,0.142,0.15,0.123,0.091,0.081,0.073,0.144,0.152,0.17,0.31,0.455,0.661,0.796,0.824,0.998,1.018,1.034,1.059,1.035,1.107,1.206,1.489,1.697,2.012,2.492,2.747,3.046,3.46,3.599,3.548,3.983,4.272,4.44,4.747,4.992,4.816,4.948,5.531,6.377,7.113,7.905,8.435,8.527,8.712,8.896,9.211,8.561,8.91,9.411,9.773,10.262,11.102
"      -NIPA other bus rental",NaN,NaN,NaN,NaN,NaN,NaN,NaN,NaN,NaN,NaN,NaN,NaN,NaN,NaN,NaN,NaN,NaN,NaN,NaN,4.487,4.4,4.773,5.085,5.209,5.31,5.42,5.378,5.45,5.416,5.642,5.484,5.47,5.536,5.584,5.817,5.774,5.948,5.991,5.907,5.995,5.934,6.155,6.204,7.258,8.45,8.239,8.312,8.237,8.676,9.254,10.196,13.037,17.556,21.025,22.379,25.01,29.387,26.709,25.409,25.019,23.828,27.13,31.572,39.341,45.781,49.49,53.858,57.07,59.06,60.455,59.711,59.075,63.641,58.103,61.042,65.368,72.704,71.346,73.454,95.882,91.364,107.631,123.17,134.711,139.647,150.504,137.685,131.214,126.622,138.182,141.691,133.69,156.524,191.057
"      +NIPA net interest",4.038,4.256,4.298,4.086,3.673,3.807,3.88,3.651,3.589,3.571,3.602,3.327,3.256,3.181,2.898,2.486,2.347,1.8,2.272,2.378,2.657,2.968,3.429,3.868,4.403,5.172,5.745,6.445,7.63,9.043,9.205,10.146,11.734,13.38,14.382,16.48,18.574,21.32,24.34,26.515,33.241,40.236,44.449,48.975,57.951,73.598,85.253,87.058,101.945,116.037,139.387,184.013,233.387,272.993,286.596,331.112,352.289,374.824,378.296,409.716,463.404,471.11,438.039,400.982,389.907,389.644,408.671,415.889,455.479,511.833,518.843,603.736,627.1,550.295,518.771,459.037,574.129,702.095,813.507,851.777,706.24,610.26,574.894,609.967,552.747,586.693,661.192,666.724,720.494,756.397,754.522,751.128,698.044,688.984
"      -NIPA household net int",NaN,NaN,NaN,NaN,NaN,NaN,NaN,NaN,NaN,NaN,NaN,NaN,NaN,NaN,NaN,NaN,NaN,NaN,NaN,1.182,1.334,1.531,1.82,2.112,2.325,2.694,3.056,3.637,4.307,4.982,5.644,6.31,6.928,7.785,8.543,9.391,10.271,11.03,11.686,12.739,13.972,15.324,17.506,20.211,23.082,26.41,30.73,34.577,40.977,47.905,57.644,69.058,81.013,97.604,109.565,121.796,135.43,150.643,160.729,171.833,186.887,200.832,206.13,206.63,203.531,207.258,226.422,233.212,246.804,256.673,271.329,297.288,321.993,320.283,309.117,311.876,357.322,412.266,455.023,466.416,422.875,376.193,340.284,311.056,279.462,271.517,270.666,272.288,272.372,286.074,302.309,295.912,286.518,304.33
"      -NIPA nonprof net int",NaN,NaN,NaN,NaN,NaN,NaN,NaN,NaN,NaN,NaN,NaN,NaN,NaN,NaN,NaN,NaN,NaN,NaN,NaN,0.057,0.062,0.065,0.065,0.069,0.071,0.074,0.076,0.077,0.08,0.081,0.086,0.098,0.112,0.123,0.14,0.184,0.23,0.302,0.39,0.47,0.567,0.682,0.769,0.843,0.946,1.104,1.388,1.428,1.515,1.891,2.343,2.954,3.744,4.787,5.91,7.713,7.457,8.742,9.086,10.266,11.07,11.239,11.697,12.222,14.258,13.242,14.079,14.969,15.579,15.985,16.079,16.109,16.382,15.826,15.119,14.398,13.672,13.046,12.741,12.45,11.691,10.737,10.064,9.113,8.764,8.428,8.154,7.595,6.762,6.301,6.083,5.796,4.942,3.561
"      -NIPA other bus net int",NaN,NaN,NaN,NaN,NaN,NaN,NaN,NaN,NaN,NaN,NaN,NaN,NaN,NaN,NaN,NaN,NaN,NaN,NaN,0.676,0.79,0.919,1.045,1.172,1.3,1.451,1.6,1.738,1.979,2.188,2.364,2.566,2.797,3.006,3.31,3.642,3.964,4.277,4.508,4.881,5.24,5.819,6.466,7.211,8.118,9.199,10.668,11.57,12.849,14.0,15.607,17.728,19.881,21.889,23.313,25.82,28.913,32.856,35.253,37.906,41.133,42.605,43.196,39.037,34.54,32.662,32.231,31.117,31.025,30.894,31.595,33.522,33.984,33.627,32.298,32.928,35.73,39.014,42.938,46.753,45.597,42.506,40.916,39.946,38.752,40.064,43.719,46.583,50.914,56.428,61.639,63.328,62.018,65.1
"      +NIPA IBT",7.289,7.364999999999999,7.062,7.032,7.212999999999999,7.66,7.898000000000001,8.705,9.118000000000002,8.863000000000001,8.785000000000002,9.498000000000001,11.125,11.537,12.489999999999998,13.482,14.842,16.165,18.423000000000002,19.893,21.093999999999998,22.931,24.856,27.546,29.74,29.477999999999998,32.564,35.14600000000001,37.307,38.056,41.65,45.144999999999996,46.853,50.227999999999994,53.679,57.545,61.187000000000005,62.652,67.754,76.41499999999999,84.121,90.99199999999999,99.976,106.071,117.731,128.382,139.834,150.399,160.64499999999998,172.337,184.32299999999998,204.528,241.08499999999998,245.234,263.658,297.867,320.83299999999997,334.439,350.55500000000006,377.718,409.70500000000004,437.174,468.493,493.00699999999995,505.83299999999997,553.4390000000001,568.058,598.164,627.8650000000001,667.1829999999999,696.06,747.889,768.206,799.389,832.607,903.675,972.168,1025.39,1079.492,1109.964,1093.588,1133.592,1173.837,1173.609,1233.402,1315.096,1370.1709999999998,1409.8899999999999,1447.021,1549.585,1622.0720000000001,968.8370000000002,1267.1889999999999,1959.3059999999998
"      -NIPA household IBT",NaN,NaN,NaN,NaN,NaN,NaN,NaN,NaN,NaN,NaN,NaN,NaN,NaN,NaN,NaN,NaN,NaN,NaN,NaN,1.426,1.633,1.758,1.972,2.221,2.456,2.714,3.112,3.563,4.02,4.494,4.833,5.269,5.812,6.316,6.94,7.553,8.268,9.029,10.034,11.33,12.674,14.407,15.914,17.265,18.575,19.495,21.537,24.201,26.898,27.617,27.885,30.124,33.832,36.748,38.996,41.877,44.294,48.248,53.18,55.702,58.676,62.563,67.412,68.811,71.569,75.013,75.247,75.241,83.109,81.659,84.531,86.074,88.961,100.099,107.696,114.945,126.603,135.966,138.133,139.817,150.703,149.335,142.563,157.829,165.196,167.047,169.777,172.185,177.642,178.71,193.847,194.51,213.494,230.389
"      -NIPA nonprofit IBT",NaN,NaN,NaN,NaN,NaN,NaN,NaN,NaN,NaN,NaN,NaN,NaN,NaN,NaN,NaN,NaN,NaN,NaN,NaN,0.115,0.126,0.137,0.149,0.161,0.173,0.184,0.2,0.222,0.245,0.268,0.263,0.291,0.325,0.361,0.398,0.435,0.475,0.511,0.562,0.631,0.705,0.805,0.905,0.969,1.028,1.059,1.14,1.221,1.304,1.286,1.278,1.351,1.49,1.661,1.812,1.964,2.095,2.245,2.485,2.677,2.944,3.188,3.496,3.678,3.71,3.929,3.942,4.089,4.323,4.515,4.767,5.022,5.315,5.785,6.163,6.559,7.059,7.648,8.405,8.933,9.538,9.563,9.694,9.849,10.133,10.463,10.881,11.266,11.868,12.446,13.372,13.744,14.159,14.919
"      -NIPA other bus IBT",NaN,NaN,NaN,NaN,NaN,NaN,NaN,NaN,NaN,NaN,NaN,NaN,NaN,NaN,NaN,NaN,NaN,NaN,NaN,NaN,NaN,NaN,NaN,NaN,NaN,NaN,NaN,NaN,NaN,NaN,1.462,1.649,1.794,1.92,2.082,2.241,2.396,2.557,2.803,3.076,3.289,3.577,3.84,3.827,4.116,4.049,4.423,4.673,4.981,4.557,3.713,3.193,2.406,1.355,1.169,1.681,1.824,3.238,4.681,5.974,6.029,6.043,6.106,6.113,4.213,3.397,1.264,1.39,2.397,4.054,10.525,12.014,12.129,12.583,13.637,15.161,16.341,18.742,20.811,20.751,20.984,20.84,19.797,21.173,23.022,24.029,24.612,24.472,27.751,27.776,29.972,28.889,32.451,33.8
"      -NIPA sales tax",2.2809999999999997,2.2439999999999998,2.13,2.146,2.9019999999999997,3.718,3.9670000000000005,4.4030000000000005,4.779000000000001,4.655,4.861000000000001,5.388,6.605,7.115,7.936999999999999,9.146,10.453,11.996,12.760000000000002,13.788,14.262,15.806999999999999,17.049,18.735999999999997,20.005,19.216,21.019,22.784000000000002,24.006999999999998,23.956,26.240000000000002,28.308999999999997,29.388000000000005,31.424,33.141000000000005,35.581999999999994,37.522000000000006,38.676,40.973,46.510999999999996,51.092999999999996,54.739,60.047999999999995,64.701,70.86500000000001,75.922,81.908,88.141,96.46399999999998,107.15,115.698,131.50400000000002,158.56400000000002,155.63299999999998,171.404,190.07300000000004,200.642,207.21499999999997,221.12300000000002,237.968,249.00400000000002,263.457,281.02,298.697,315.86799999999994,345.879,355.324,368.40200000000004,388.08500000000004,408.46599999999995,430.78400000000005,453.88700000000006,459.6720000000001,470.81699999999995,498.692,541.97,591.197,621.877,633.141,634.066,587.216,624.4850000000001,664.481,691.816,730.6320000000001,764.3,784.122,798.768,828.744,902.522,944.989,914.1740000000001,1060.625,1171.1680000000001
"      -NIPA private IPP inv",0.577,0.556,0.5,0.442,0.428,0.501,0.563,0.644,0.704,0.754,0.771,0.819,1.13,1.196,1.142,1.237,1.433,1.837,2.02,2.075,2.04,2.261,2.359,2.983,3.667,3.888,4.318,5.225,5.586,5.986,6.63,7.142,7.979,8.399,9.243,9.808,11.135,12.802,14.003,15.582,17.152,17.947,18.678,20.577,22.681,25.517,27.811,32.189,35.817,40.358,48.068,54.354,64.773,72.674,81.343,95.048,105.327,113.543,120.116,132.674,150.117,164.426,179.129,187.667,196.912,205.705,226.849,253.303,287.964,318.126,365.127,411.339,415.04,406.222,418.656,437.819,473.134,506.332,544.828,574.384,564.354,578.17,621.733,655.691,694.599,741.461,778.879,843.007,906.246,992.217,1074.887,1136.206,1263.051,1423.69
"      +Imputed private IPP inv",12.546719999999999,11.059199999999999,9.28692,7.142639999999999,6.85848,8.016,8.90892,10.179599999999999,11.160359999999999,10.482240000000001,11.212439999999999,12.34788,15.51708,19.91424,24.370079999999998,26.93364,27.36084,27.304199999999998,29.95392,32.93616,32.697,35.97924,41.62968,44.08092,46.70616,46.86588,51.057359999999996,53.92236,56.884679999999996,57.747479999999996,62.598479999999995,65.08583999999999,67.46507999999999,72.47064,76.494,82.1352,89.07468,97.60968,103.19507999999999,112.87812,122.1138,128.79636000000002,139.78199999999998,153.49319999999997,171.04512,185.42916,202.18848,224.80944,249.81912,282.19188,315.27996,342.87683999999996,384.84492,401.25468,436.08456,484.51356,520.6774800000001,549.5557200000001,582.6258,628.37256,676.9896,715.57728,738.97548,782.43924,823.02708,874.46832,916.76988,968.77464,1029.30624,1087.53804,1155.74064,1230.1142399999999,1269.83148,1311.49296,1374.7740000000001,1466.06352,1564.70364,1657.86996,1736.90736,1772.3834399999998,1737.3680399999998,1805.8765199999998,1871.96784,1950.4763999999998,2025.6819600000001,2112.9765599999996,2195.40228,2256.58956,2353.4522399999996,2478.78192,2584.7978399999997,2565.03372,2847.0774,3126.55368
"      +NIPA IPP depreciation",0.345,0.358,0.363,0.354,0.331,0.347,0.373,0.409,0.455,0.483,0.522,0.569,0.663,0.812,0.947,1.044,1.1,1.224,1.45,1.616,1.684,1.79,1.981,2.141,2.404,2.677,3.001,3.438,3.93,4.394,4.84,5.33,5.819,6.319,6.842,7.503,8.168,9.089,10.144,11.452,12.993,14.674,16.093,17.392,19.198,22.019,24.745,26.879,29.433,32.695,37.187,42.959,49.549,56.099,62.433,69.776,77.835,85.582,94.393,104.446,115.088,127.043,140.51,149.445,160.861,171.626,187.17,200.862,220.581,242.573,273.971,311.707,336.758,350.669,363.596,379.503,401.878,427.859,455.346,486.759,501.852,515.952,541.607,570.855,600.176,635.299,670.174,702.042,756.437,815.783,875.299,944.135,1018.137,1114.551
"      -Imputed private IPP dep",8.88726,7.833600000000001,6.578235000000001,5.05937,4.858090000000001,5.678,6.310485,7.21055,7.905255,7.42492,7.942145,8.746415,10.991265,14.105920000000001,17.26214,19.077994999999998,19.380595,19.340474999999998,21.21736,23.32978,23.160375000000002,25.485295,29.48769,31.223985,33.08353,33.196664999999996,36.16563,38.195005,40.293315,40.904465,44.34059,46.10247,47.787765,51.33337,54.18325,58.179100000000005,63.094565,69.14019,73.096515,79.95533499999999,86.497275,91.23075500000002,99.01225,108.72434999999999,121.15696000000001,131.345655,143.21684000000002,159.24002000000002,176.95521,199.885915,223.323305,242.87109499999997,272.59848500000004,284.22206500000004,308.89323,343.19710499999997,368.813215,389.268635,412.693275,445.0972300000001,479.53430000000003,506.86724000000004,523.440965,554.227795,582.977515,619.41506,649.3786650000001,686.21537,729.09192,770.339445,818.6496200000001,871.33092,899.4639649999999,928.97418,973.79825,1038.46166,1108.3317450000002,1174.324555,1230.30938,1255.4382699999999,1230.635695,1279.162535,1325.97722,1381.58745,1434.8580550000001,1496.69173,1555.076615,1598.417605,1667.0286699999997,1755.80386,1830.89847,1816.8988849999998,2016.6798250000002,2214.64219
"      -IRS S corp bus inc (reported)",NaN,NaN,NaN,NaN,NaN,NaN,NaN,NaN,NaN,NaN,NaN,NaN,NaN,NaN,NaN,NaN,NaN,NaN,NaN,NaN,NaN,NaN,NaN,NaN,NaN,NaN,NaN,NaN,NaN,NaN,0.249619,0.22099,NaN,0.466213,0.52945,0.720999,1.045906,1.262972,1.440467,1.523471,1.549811,1.229257,NaN,2.003058,2.597291,NaN,2.109087,NaN,3.104247,3.555142,1.791725,0.198557,-1.079321,-0.827779,1.077338,2.154268,1.836066,1.764513,24.151513,33.403456,32.469877,32.25011,29.074912,46.196309,54.133891,73.951541,76.899029,93.138842,111.722678,124.859425,137.348605,139.109127,142.552181,150.611468,171.574616,217.37883,282.903509,295.929473,287.198354,240.026386,220.889166,269.011547,292.508717,378.357265,380.943325,420.779946,457.048244,485.517643,479.998493,488.811689,510.640083,553.563561,755.345288,763.268999
"      +Estimate of P-T cap inc",NaN,NaN,NaN,NaN,NaN,NaN,NaN,NaN,NaN,NaN,NaN,NaN,NaN,NaN,NaN,NaN,NaN,NaN,NaN,NaN,NaN,NaN,NaN,NaN,NaN,NaN,NaN,NaN,NaN,NaN,NaN,NaN,NaN,NaN,NaN,NaN,NaN,NaN,NaN,NaN,NaN,NaN,NaN,NaN,NaN,NaN,NaN,NaN,NaN,NaN,NaN,NaN,NaN,NaN,NaN,NaN,NaN,NaN,NaN,NaN,NaN,NaN,NaN,NaN,NaN,NaN,NaN,NaN,71.99570775961459,80.65530058685687,98.19603790636197,97.94508407795612,113.25929353950674,132.39219623712205,132.85614084777598,141.13933996347828,103.8845385644438,101.92916733697285,94.15621834705813,119.88037152113618,127.62947596204086,139.04137764867485,178.9183685065516,172.7953828889178,198.0605787724005,207.45824495660202,225.49622425421546,236.12736627691558,248.4236850561639,292.16692348579795,256.47557739629656,230.654979747261,249.64981930375222,263.58941474852173
"  + Capital depreciation",23.36226,21.5366,19.119235,15.553370000000001,15.133090000000001,16.126,17.126485000000002,18.449550000000002,20.241255000000002,19.364919999999998,20.004144999999998,21.471415,26.957265,29.538920000000005,33.799139999999994,35.449994999999994,37.151595,39.974475,46.24336,53.43778,55.999375,61.808295,72.29768999999999,75.950985,79.93253000000001,83.25266500000001,89.33663000000001,97.825005,102.95431500000001,108.375465,112.41558999999998,117.04247000000001,120.21476499999997,125.85037000000001,131.98025,140.20510000000002,150.29956499999997,163.28019,175.21251499999997,192.416335,210.20827500000001,225.78975499999999,245.45325,266.95534999999995,296.14696,331.69265499999995,374.14984000000004,413.84802,462.05721000000005,522.430915,589.6683049999999,659.3550949999999,738.086485,783.865065,822.55523,886.609105,956.015215,1022.284635,1089.035275,1168.36923,1251.8383,1323.7482400000004,1375.847965,1427.904795,1494.191515,1579.0480599999999,1667.164665,1750.8733699999998,1842.3239200000003,1937.4834449999998,2046.51762,2184.81492,2281.888964999999,2362.21618,2450.2372499999997,2593.09966,2770.9447450000002,2947.4735550000005,3101.99438,3212.4472699999997,3197.1086950000004,3236.222535,3340.01022,3467.89845,3581.123055,3719.07273,3848.551615,3937.106605,4091.02367,4264.07586,4449.31447,4518.868884999999,4913.369825000001,5469.648189999999
"    NIPA cons of fixed capital",10.409,10.217,9.514,8.338,8.012,8.43,8.48,8.801,9.767,10.042,10.103,10.577,12.062,14.911,18.031,21.341,23.107,25.69,29.121,31.326,32.284,33.394,37.726,40.606,43.488,45.981,48.893,54.127,58.919,62.454,65.445,67.901,70.604,74.1,78.018,82.39,88.008,95.311,103.557,113.357,124.896,136.839,148.926,161.011,178.686,206.894,238.51,260.226,289.832,327.196,373.882,428.432,487.231,536.963,562.624,598.394,640.137,685.295,730.385,784.496,838.258,888.532,932.393,960.247,1003.498,1055.61,1122.381,1175.306,1239.325,1309.737,1398.934,1511.225,1599.511,1657.984,1719.098,1821.841,1971.053,2124.17,2252.751,2358.968,2371.277,2390.391,2474.368,2575.548,2681.603,2819.685,2922.938,3008.109,3148.953,3312.603,3477.516,3622.85,3870.788,4307.374
"      +FA durable depreciation",7.314,6.726,6.064,4.763,4.911,5.0,5.346,5.694,6.145,5.626,5.797,6.207,8.774,7.259,8.37,8.004,9.167,10.727,12.663,15.359,16.64,18.827,22.72,23.404,24.294,26.467,28.339,31.968,32.393,35.315,34.88,37.332,38.138,39.151,41.01,43.407,45.803,49.022,52.84,58.534,64.33,69.344,75.271,80.973,88.953,99.552,111.165,122.813,137.0,154.403,172.59,192.685,207.859,214.501,219.431,236.745,261.373,287.957,314.462,337.874,363.607,387.059,407.036,420.034,442.54,466.805,491.592,512.024,530.862,554.025,581.09,622.886,656.001,685.706,714.954,756.322,800.168,841.19,879.846,911.052,921.15,914.983,931.386,950.885,967.679,981.351,1006.754,1028.057,1072.556,1114.393,1163.032,1218.447,1360.415,1543.579
"      -NIPA residential dep",1.905,1.886,1.71,1.38,1.347,1.493,1.481,1.554,1.725,1.783,1.803,1.889,2.095,2.26,2.425,2.626,2.803,3.115,3.922,4.456,4.707,5.048,5.676,6.08,6.385,6.693,7.163,7.711,8.061,8.36,8.785,9.27,9.673,10.11,10.529,11.154,11.998,12.965,13.907,15.224,17.059,18.371,20.372,22.844,26.257,30.345,34.277,37.838,43.592,51.278,59.791,68.22,74.754,79.151,82.124,87.072,92.746,100.931,110.036,118.069,125.834,131.532,135.575,139.798,148.675,158.054,167.364,175.615,184.802,196.474,211.46,229.207,248.527,263.619,286.884,319.305,358.309,392.028,405.259,399.232,381.335,375.21,372.96,375.649,397.831,425.021,440.969,462.907,491.189,527.639,549.021,578.063,657.444,752.398
"      -NIPA government dep",0.998,0.996,0.964,0.873,0.97,1.142,1.156,1.293,1.396,1.462,1.513,1.601,2.112,3.665,6.492,9.303,10.6,11.444,11.386,10.505,9.694,9.06,9.979,11.062,12.144,13.022,13.897,15.316,16.66,17.544,18.625,19.693,20.823,22.305,23.86,25.114,26.44,28.139,30.23,32.754,35.463,38.579,41.291,43.517,47.194,53.735,59.72,63.714,68.705,75.081,83.149,93.454,105.299,116.571,123.836,134.879,143.727,153.723,164.076,176.583,188.639,200.135,210.937,217.361,225.288,233.102,241.653,246.195,251.572,257.571,266.725,279.713,287.802,296.16,307.133,324.717,348.421,372.324,400.307,427.02,442.767,457.152,477.154,493.618,505.01,518.335,525.074,532.528,549.888,575.302,597.812,617.129,658.932,728.998
"      -NIPA IPP depreciation",0.345,0.358,0.363,0.354,0.331,0.347,0.373,0.409,0.455,0.483,0.522,0.569,0.663,0.812,0.947,1.044,1.1,1.224,1.45,1.616,1.684,1.79,1.981,2.141,2.404,2.677,3.001,3.438,3.93,4.394,4.84,5.33,5.819,6.319,6.842,7.503,8.168,9.089,10.144,11.452,12.993,14.674,16.093,17.392,19.198,22.019,24.745,26.879,29.433,32.695,37.187,42.959,49.549,56.099,62.433,69.776,77.835,85.582,94.393,104.446,115.088,127.043,140.51,149.445,160.861,171.626,187.17,200.862,220.581,242.573,273.971,311.707,336.758,350.669,363.596,379.503,401.878,427.859,455.346,486.759,501.852,515.952,541.607,570.855,600.176,635.299,670.174,702.042,756.437,815.783,875.299,944.135,1018.137,1114.551
"      +Imputed private IPP dep",8.88726,7.833600000000001,6.578235000000001,5.05937,4.858090000000001,5.678,6.310485,7.21055,7.905255,7.42492,7.942145,8.746415,10.991265,14.105920000000001,17.26214,19.077994999999998,19.380595,19.340474999999998,21.21736,23.32978,23.160375000000002,25.485295,29.48769,31.223985,33.08353,33.196664999999996,36.16563,38.195005,40.293315,40.904465,44.34059,46.10247,47.787765,51.33337,54.18325,58.179100000000005,63.094565,69.14019,73.096515,79.95533499999999,86.497275,91.23075500000002,99.01225,108.72434999999999,121.15696000000001,131.345655,143.21684000000002,159.24002000000002,176.95521,199.885915,223.323305,242.87109499999997,272.59848500000004,284.22206500000004,308.89323,343.19710499999997,368.813215,389.268635,412.693275,445.0972300000001,479.53430000000003,506.86724000000004,523.440965,554.227795,582.977515,619.41506,649.3786650000001,686.21537,729.09192,770.339445,818.6496200000001,871.33092,899.4639649999999,928.97418,973.79825,1038.46166,1108.3317450000002,1174.324555,1230.30938,1255.4382699999999,1230.635695,1279.162535,1325.97722,1381.58745,1434.8580550000001,1496.69173,1555.076615,1598.417605,1667.0286699999997,1755.80386,1830.89847,1816.8988849999998,2016.6798250000002,2214.64219
"  + Nonbusiness income",NaN,NaN,NaN,NaN,NaN,NaN,NaN,NaN,NaN,NaN,NaN,NaN,NaN,NaN,NaN,NaN,NaN,NaN,NaN,NaN,NaN,NaN,NaN,NaN,NaN,NaN,NaN,NaN,NaN,NaN,149.96588,160.01064000000002,169.56403999999998,181.14404,193.24556,205.81679999999997,220.05051999999998,240.30259999999998,260.91948,286.61572,313.28324,342.75536,374.31892,408.06139999999994,444.34492,492.62376,539.03404,580.25868,627.08808,691.28796,762.8775600000001,854.65732,952.81184,1040.00112,1111.6922,1202.6055199999998,1295.6810799999998,1386.8824,1486.76564,1611.1352000000002,1730.8888000000002,1857.2276800000002,1970.4208,2078.75616,2174.91592,2279.9540400000005,2383.73912,2472.38664,2579.41152,2706.18004,2863.44268,3038.14224,3212.85984,3384.82764,3548.6754400000004,3758.6296,3973.2673200000004,4191.78356,4421.837759999999,4706.528920000001,4807.32656,4921.214279999999,5033.06852,5126.14728,5266.43084,5419.460999999999,5567.70496,5721.38488,5910.17084,6187.612800000001,6415.363719999999,6668.847119999999,7051.531120000001,7599.979840000001
"    NIPA household income",NaN,NaN,NaN,NaN,NaN,NaN,NaN,NaN,NaN,NaN,NaN,NaN,NaN,NaN,NaN,NaN,NaN,NaN,NaN,7.969,8.722,9.868,11.089,12.554,14.191,15.62,17.266,18.686,20.287,22.134,24.111,26.37,28.137,30.37,32.225,33.916,35.896,38.001,40.34,42.548,45.499,48.741,53.456,57.423,61.019,65.343,70.801,76.186,80.854,89.199,97.634,110.916,126.778,142.748,156.105,169.784,182.884,197.171,211.788,232.293,251.187,272.754,288.532,305.407,328.549,355.677,382.235,403.321,427.061,453.756,483.932,517.981,558.8,579.229,592.609,614.599,642.625,669.583,719.056,814.2,840.839,859.776,874.642,877.537,893.406,898.695,916.527,942.819,975.543,1011.134,1056.452,1112.844,1131.971,1228.792
"      +NIPA nonprofit income",NaN,NaN,NaN,NaN,NaN,NaN,NaN,NaN,NaN,NaN,NaN,NaN,NaN,NaN,NaN,NaN,NaN,NaN,NaN,3.412,3.763,4.083,4.476,4.86,5.355,5.803,6.339,6.892,7.58,8.38,9.199,10.486,11.165,12.302,13.363,14.571,16.052,18.051,20.154,22.809,26.31,29.386,32.857,36.27,40.288,44.81,49.939,54.367,59.402,66.289,74.339,85.04,96.37,108.182,120.363,133.123,142.749,156.383,175.911,198.764,217.833,239.76,259.634,280.183,300.227,315.57,332.666,349.312,368.977,394.784,419.113,445.795,466.094,502.416,529.603,556.313,574.004,600.116,624.588,665.716,696.607,708.571,735.161,768.844,784.692,808.255,842.866,873.965,899.073,941.447,986.331,1022.061,1065.111,1145.556
"      +NIPA other bus income",NaN,NaN,NaN,NaN,NaN,NaN,NaN,NaN,NaN,NaN,NaN,NaN,NaN,NaN,NaN,NaN,NaN,NaN,NaN,NaN,NaN,NaN,NaN,NaN,NaN,NaN,NaN,NaN,NaN,NaN,11.061,11.523,12.173,12.757,13.605,14.149,14.899,15.589,16.304,17.186,17.933,19.211,20.434,22.604,25.401,26.423,28.668,30.174,32.814,34.685,37.099,42.135,48.678,53.66,57.133,63.822,71.853,74.943,78.602,82.55,85.458,90.393,95.884,100.151,100.572,102.452,104.709,107.475,111.904,116.779,124.36,128.985,135.272,133.537,136.708,145.434,157.325,163.268,172.822,199.843,193.575,205.378,218.0,230.59,241.838,262.714,261.47,264.961,276.25,296.599,311.219,307.513,334.985,380.068
"      +NIPA govt ent income",NaN,NaN,NaN,NaN,NaN,NaN,NaN,NaN,NaN,NaN,NaN,NaN,NaN,NaN,NaN,NaN,NaN,NaN,NaN,NaN,NaN,NaN,NaN,NaN,NaN,NaN,NaN,NaN,NaN,NaN,5.95,6.347,6.51,6.977,7.896,8.484,9.008,9.314,9.779,11.164,12.005,12.844,13.847,15.754,16.402,18.341,19.069,22.355,23.35,26.265,28.657,30.896,35.234,38.549,43.126,47.756,54.457,56.922,59.466,66.934,72.509,75.296,83.003,90.358,92.29,97.289,103.336,107.344,110.842,113.509,117.884,119.906,121.141,127.476,128.192,131.547,131.536,133.907,131.911,131.014,132.569,129.231,130.639,133.977,137.147,145.856,158.28,160.828,161.998,168.657,164.325,176.424,173.399,175.691
"      +NIPA gen govt income",NaN,NaN,NaN,NaN,NaN,NaN,NaN,NaN,NaN,NaN,NaN,NaN,NaN,NaN,NaN,NaN,NaN,NaN,NaN,20.162,22.318,23.937,31.686,36.056,37.018,37.567,39.242,41.59,44.354,47.559,49.304,52.526,56.25,60.043,64.029,69.191,74.593,84.361,93.385,104.592,114.592,126.673,139.282,152.166,163.088,175.839,193.822,207.082,222.995,242.802,262.582,288.617,318.095,345.601,367.27,394.328,426.625,453.26,480.876,516.305,556.833,602.557,643.657,682.206,704.114,727.936,748.736,768.731,796.964,832.147,879.774,934.926,996.568,1065.473,1132.613,1191.819,1248.376,1304.365,1374.818,1445.445,1493.742,1543.907,1553.545,1556.182,1597.567,1636.622,1685.196,1724.416,1769.234,1841.63,1895.711,1963.715,2024.056,2081.011
"      +NIPA residential dep",1.905,1.886,1.71,1.38,1.347,1.493,1.481,1.554,1.725,1.783,1.803,1.889,2.095,2.26,2.425,2.626,2.803,3.115,3.922,4.456,4.707,5.048,5.676,6.08,6.385,6.693,7.163,7.711,8.061,8.36,8.785,9.27,9.673,10.11,10.529,11.154,11.998,12.965,13.907,15.224,17.059,18.371,20.372,22.844,26.257,30.345,34.277,37.838,43.592,51.278,59.791,68.22,74.754,79.151,82.124,87.072,92.746,100.931,110.036,118.069,125.834,131.532,135.575,139.798,148.675,158.054,167.364,175.615,184.802,196.474,211.46,229.207,248.527,263.619,286.884,319.305,358.309,392.028,405.259,399.232,381.335,375.21,372.96,375.649,397.831,425.021,440.969,462.907,491.189,527.639,549.021,578.063,657.444,752.398
"      +NIPA government dep",0.998,0.996,0.964,0.873,0.97,1.142,1.156,1.293,1.396,1.462,1.513,1.601,2.112,3.665,6.492,9.303,10.6,11.444,11.386,10.505,9.694,9.06,9.979,11.062,12.144,13.022,13.897,15.316,16.66,17.544,18.625,19.693,20.823,22.305,23.86,25.114,26.44,28.139,30.23,32.754,35.463,38.579,41.291,43.517,47.194,53.735,59.72,63.714,68.705,75.081,83.149,93.454,105.299,116.571,123.836,134.879,143.727,153.723,164.076,176.583,188.639,200.135,210.937,217.361,225.288,233.102,241.653,246.195,251.572,257.571,266.725,279.713,287.802,296.16,307.133,324.717,348.421,372.324,400.307,427.02,442.767,457.152,477.154,493.618,505.01,518.335,525.074,532.528,549.888,575.302,597.812,617.129,658.932,728.998
"      +Imputed Kcd services",1.56816,1.4750800000000002,1.29072,1.13908,1.11496,1.11372,1.1102400000000001,1.17144,1.23424,1.22524,1.26128,1.3800800000000002,1.5962,1.80044,1.9830400000000001,2.10832,2.1599600000000003,2.4704,2.93424,3.32292,3.67128,4.2992,4.80044,5.08,5.405,5.548719999999999,5.92396,6.3628800000000005,6.73988,6.904120000000001,7.208640000000001,7.416760000000001,7.535,7.78836,8.19376,8.615920000000001,9.11472,9.98068,10.876880000000002,12.082360000000001,13.18844,14.17028,15.11584,16.38032,18.16128,21.026840000000004,23.11984,25.42084,28.20464,31.803919999999998,35.82304,39.63476,42.43116,44.09696,47.00368,50.78332,55.08520000000001,60.895360000000004,66.10648,72.01304,77.02332,81.56168,84.69788000000001,87.73872,92.08992,96.96544,101.17224,105.11716000000001,108.71843999999999,113.35052,119.64372,128.07023999999998,134.572,141.04736,147.10404,155.92876,164.25080000000003,171.93036,178.99156,182.64988000000002,182.40532,181.42008,185.78616000000002,189.0976,191.09336,194.0704,199.625,205.46912,210.70544,218.86419999999998,226.85372,240.89096,279.83824,305.57259999999997
"      +Imputed Kg services",1.70832,1.69364,1.60156,1.38976,1.59148,1.8974000000000002,1.9088399999999999,2.18536,2.32512,2.42816,2.5015199999999997,2.6430000000000002,3.30632,4.89872,6.463640000000001,7.35952,8.073,8.22268,8.70076,8.7136,8.15724,8.648200000000001,9.736040000000001,10.441479999999999,10.720360000000001,11.38944,12.33184,13.72068,14.421479999999999,15.241,15.72224,16.37888,17.29804,18.49168,19.544800000000002,20.62188,22.0498,23.90192,25.943600000000004,28.25636,31.233800000000002,34.78008,37.66408,41.10308,46.53464,56.76092,59.6182,63.121840000000006,67.17144,73.88504,83.80352,95.74456,105.17268,111.44216,114.73152,121.0582,125.55488,132.65404,139.90416,147.62416,155.57248,163.239,168.50092,175.55344000000002,183.111,192.9086,201.86788,209.27648000000002,218.57108,227.80952000000002,240.55096000000003,253.55900000000003,264.08384,275.87028,287.8294,318.96684,348.42052000000007,384.2622,414.0852,441.40904,443.48724000000004,460.56919999999997,485.18136,500.65268,517.84648,529.8926,537.6979600000001,553.49176,576.2904,606.3406,627.639,650.20716,725.79488,801.89324
"ADJUSTED GDP",NaN,NaN,NaN,NaN,NaN,NaN,NaN,NaN,NaN,NaN,NaN,NaN,NaN,NaN,NaN,NaN,NaN,NaN,NaN,NaN,NaN,NaN,NaN,NaN,NaN,NaN,NaN,NaN,NaN,NaN,609.4415112926829,633.4333760487804,NaN,702.4308317073171,740.8085903414635,794.4438439268295,860.3934738536585,943.2898559756097,998.7708930487805,1091.3542332439024,1181.4417783414633,1248.9393484878053,NaN,1487.2171831951218,1658.2338477073172,NaN,1973.0566589756102,NaN,2434.124093878049,2749.078930829268,3073.3827190243906,3344.4819505365854,3725.713162365854,3888.666614731708,4201.352660853659,4649.09869490244,4999.4582593170735,5294.6632471707335,5629.937852219513,6069.245945512195,6534.75911209756,6903.705192560975,7117.865833585367,7526.474791414633,7916.315345780488,8401.21732595122,8805.2927372439,9288.730984512196,9837.251896243903,10372.421247658534,10991.2166927561,11682.100345487803,12094.445057560975,12532.610043365854,13136.71375790244,14020.553169878049,14956.516495999998,15854.223657121951,16618.410321390245,16972.322523682928,16707.497588780487,17316.884208975607,17903.642099219513,18634.862280024387,19297.12687178049,20070.861906585364,20831.720510487805,21374.41845060976,22259.84426036586,23350.889978439023,24298.982821756093,24187.524184878053,26855.557689780493,29481.721153097566
"  NIPA GDP",104.556,92.16,77.391,59.522,57.154,66.8,74.241,84.83,93.003,87.352,93.437,102.899,129.309,165.952,203.084,224.447,228.007,227.535,249.616,274.468,272.475,299.827,346.914,367.341,389.218,390.549,425.478,449.353,474.039,481.229,521.654,542.382,562.209,603.922,637.45,684.46,742.289,813.414,859.959,940.651,1017.615,1073.303,1164.85,1279.11,1425.376,1545.243,1684.904,1873.412,2081.826,2351.599,2627.333,2857.307,3207.041,3343.789,3634.038,4037.613,4338.979,4579.631,4855.215,5236.438,5641.58,5963.144,6158.129,6520.327,6858.559,7287.236,7639.749,8073.122,8577.552,9062.817,9631.172,10250.952,10581.929,10929.108,11456.45,12217.196,13039.197,13815.583,14474.228,14769.862,14478.067,15048.971,15599.732,16253.97,16880.683,17608.138,18295.019,18804.913,19612.102,20656.516,21539.982,21375.281,23725.645,26054.614
"      +FA durable depreciation",7.314,6.726,6.064,4.763,4.911,5.0,5.346,5.694,6.145,5.626,5.797,6.207,8.774,7.259,8.37,8.004,9.167,10.727,12.663,15.359,16.64,18.827,22.72,23.404,24.294,26.467,28.339,31.968,32.393,35.315,34.88,37.332,38.138,39.151,41.01,43.407,45.803,49.022,52.84,58.534,64.33,69.344,75.271,80.973,88.953,99.552,111.165,122.813,137.0,154.403,172.59,192.685,207.859,214.501,219.431,236.745,261.373,287.957,314.462,337.874,363.607,387.059,407.036,420.034,442.54,466.805,491.592,512.024,530.862,554.025,581.09,622.886,656.001,685.706,714.954,756.322,800.168,841.19,879.846,911.052,921.15,914.983,931.386,950.885,967.679,981.351,1006.754,1028.057,1072.556,1114.393,1163.032,1218.447,1360.415,1543.579
"      +Misreported S corp inc",NaN,NaN,NaN,NaN,NaN,NaN,NaN,NaN,NaN,NaN,NaN,NaN,NaN,NaN,NaN,NaN,NaN,NaN,NaN,NaN,NaN,NaN,NaN,NaN,NaN,NaN,NaN,NaN,NaN,NaN,0.2481512926829267,0.2888960487804877,NaN,0.4301517073170731,0.5000303414634144,0.5938439268292681,0.7192738536585366,0.839575975609756,0.9323330487804875,1.0453932439024387,1.2057383414634142,1.2316284878048775,NaN,1.4355831951219504,1.7098077073170734,NaN,1.7801389756097552,NaN,2.383893878048779,2.704090829268292,2.3191990243902434,2.091790536585365,1.7014023658536581,1.889814731707315,2.810900853658535,3.506614902439024,3.757699317073171,4.728127170731704,12.863412219512192,17.566185512195112,19.10771209756097,21.007232560975602,20.675553585365844,26.746391414634132,29.768345780487785,34.417965951219514,36.31473724390243,42.12170451219511,48.29113624390237,53.47316765853655,58.93037275609757,61.744865487804844,62.73973756097561,66.42444336585365,72.950317902439,85.86504987804875,104.10753599999998,111.59713712195122,112.32120139024391,103.41616368292682,96.58998878048777,107.71940897560972,115.80273921951203,137.28760002439014,139.37407178048778,150.19434658536568,160.22327048780477,167.67301060975603,169.7281803658537,170.73325843902444,176.5542617560975,188.04434487804872,240.46316978048776,244.3666330975608
"      +Imputed Kcd services",1.56816,1.4750800000000002,1.29072,1.13908,1.11496,1.11372,1.1102400000000001,1.17144,1.23424,1.22524,1.26128,1.3800800000000002,1.5962,1.80044,1.9830400000000001,2.10832,2.1599600000000003,2.4704,2.93424,3.32292,3.67128,4.2992,4.80044,5.08,5.405,5.548719999999999,5.92396,6.3628800000000005,6.73988,6.904120000000001,7.208640000000001,7.416760000000001,7.535,7.78836,8.19376,8.615920000000001,9.11472,9.98068,10.876880000000002,12.082360000000001,13.18844,14.17028,15.11584,16.38032,18.16128,21.026840000000004,23.11984,25.42084,28.20464,31.803919999999998,35.82304,39.63476,42.43116,44.09696,47.00368,50.78332,55.08520000000001,60.895360000000004,66.10648,72.01304,77.02332,81.56168,84.69788000000001,87.73872,92.08992,96.96544,101.17224,105.11716000000001,108.71843999999999,113.35052,119.64372,128.07023999999998,134.572,141.04736,147.10404,155.92876,164.25080000000003,171.93036,178.99156,182.64988000000002,182.40532,181.42008,185.78616000000002,189.0976,191.09336,194.0704,199.625,205.46912,210.70544,218.86419999999998,226.85372,240.89096,279.83824,305.57259999999997
"      +Imputed Kg services",1.70832,1.69364,1.60156,1.38976,1.59148,1.8974000000000002,1.9088399999999999,2.18536,2.32512,2.42816,2.5015199999999997,2.6430000000000002,3.30632,4.89872,6.463640000000001,7.35952,8.073,8.22268,8.70076,8.7136,8.15724,8.648200000000001,9.736040000000001,10.441479999999999,10.720360000000001,11.38944,12.33184,13.72068,14.421479999999999,15.241,15.72224,16.37888,17.29804,18.49168,19.544800000000002,20.62188,22.0498,23.90192,25.943600000000004,28.25636,31.233800000000002,34.78008,37.66408,41.10308,46.53464,56.76092,59.6182,63.121840000000006,67.17144,73.88504,83.80352,95.74456,105.17268,111.44216,114.73152,121.0582,125.55488,132.65404,139.90416,147.62416,155.57248,163.239,168.50092,175.55344000000002,183.111,192.9086,201.86788,209.27648000000002,218.57108,227.80952000000002,240.55096000000003,253.55900000000003,264.08384,275.87028,287.8294,318.96684,348.42052000000007,384.2622,414.0852,441.40904,443.48724000000004,460.56919999999997,485.18136,500.65268,517.84648,529.8926,537.6979600000001,553.49176,576.2904,606.3406,627.639,650.20716,725.79488,801.89324
"      +Imputed private IPP inv",12.546719999999999,11.059199999999999,9.28692,7.142639999999999,6.85848,8.016,8.90892,10.179599999999999,11.160359999999999,10.482240000000001,11.212439999999999,12.34788,15.51708,19.91424,24.370079999999998,26.93364,27.36084,27.304199999999998,29.95392,32.93616,32.697,35.97924,41.62968,44.08092,46.70616,46.86588,51.057359999999996,53.92236,56.884679999999996,57.747479999999996,62.598479999999995,65.08583999999999,67.46507999999999,72.47064,76.494,82.1352,89.07468,97.60968,103.19507999999999,112.87812,122.1138,128.79636000000002,139.78199999999998,153.49319999999997,171.04512,185.42916,202.18848,224.80944,249.81912,282.19188,315.27996,342.87683999999996,384.84492,401.25468,436.08456,484.51356,520.6774800000001,549.5557200000001,582.6258,628.37256,676.9896,715.57728,738.97548,782.43924,823.02708,874.46832,916.76988,968.77464,1029.30624,1087.53804,1155.74064,1230.1142399999999,1269.83148,1311.49296,1374.7740000000001,1466.06352,1564.70364,1657.86996,1736.90736,1772.3834399999998,1737.3680399999998,1805.8765199999998,1871.96784,1950.4763999999998,2025.6819600000001,2112.9765599999996,2195.40228,2256.58956,2353.4522399999996,2478.78192,2584.7978399999997,2565.03372,2847.0774,3126.55368
"      -NIPA private IPP inv",0.577,0.556,0.5,0.442,0.428,0.501,0.563,0.644,0.704,0.754,0.771,0.819,1.13,1.196,1.142,1.237,1.433,1.837,2.02,2.075,2.04,2.261,2.359,2.983,3.667,3.888,4.318,5.225,5.586,5.986,6.63,7.142,7.979,8.399,9.243,9.808,11.135,12.802,14.003,15.582,17.152,17.947,18.678,20.577,22.681,25.517,27.811,32.189,35.817,40.358,48.068,54.354,64.773,72.674,81.343,95.048,105.327,113.543,120.116,132.674,150.117,164.426,179.129,187.667,196.912,205.705,226.849,253.303,287.964,318.126,365.127,411.339,415.04,406.222,418.656,437.819,473.134,506.332,544.828,574.384,564.354,578.17,621.733,655.691,694.599,741.461,778.879,843.007,906.246,992.217,1074.887,1136.206,1263.051,1423.69
"      -NIPA sales tax",2.2809999999999997,2.2439999999999998,2.13,2.146,2.9019999999999997,3.718,3.9670000000000005,4.4030000000000005,4.779000000000001,4.655,4.861000000000001,5.388,6.605,7.115,7.936999999999999,9.146,10.453,11.996,12.760000000000002,13.788,14.262,15.806999999999999,17.049,18.735999999999997,20.005,19.216,21.019,22.784000000000002,24.006999999999998,23.956,26.240000000000002,28.308999999999997,29.388000000000005,31.424,33.141000000000005,35.581999999999994,37.522000000000006,38.676,40.973,46.510999999999996,51.092999999999996,54.739,60.047999999999995,64.701,70.86500000000001,75.922,81.908,88.141,96.46399999999998,107.15,115.698,131.50400000000002,158.56400000000002,155.63299999999998,171.404,190.07300000000004,200.642,207.21499999999997,221.12300000000002,237.968,249.00400000000002,263.457,281.02,298.697,315.86799999999994,345.879,355.324,368.40200000000004,388.08500000000004,408.46599999999995,430.78400000000005,453.88700000000006,459.6720000000001,470.81699999999995,498.692,541.97,591.197,621.877,633.141,634.066,587.216,624.4850000000001,664.481,691.816,730.6320000000001,764.3,784.122,798.768,828.744,902.522,944.989,914.1740000000001,1060.625,1171.1680000000001
"  = Private consumption",NaN,NaN,NaN,NaN,NaN,NaN,NaN,NaN,NaN,NaN,NaN,NaN,NaN,NaN,NaN,NaN,NaN,NaN,NaN,NaN,NaN,NaN,NaN,NaN,NaN,NaN,NaN,NaN,NaN,NaN,307.77515836990676,322.5625243481947,NaN,351.8164849053521,368.6187932233983,393.8932782466095,422.37135461244065,459.0240050342634,488.3062745643178,532.5163623011026,579.6796086138613,629.1396118572794,NaN,736.7079813986048,814.4292842561797,NaN,1013.4564703422334,NaN,1234.8432032444023,1380.6233192795853,1554.4352025535497,1739.933812971143,1908.6136379456796,2053.5336155669106,2221.3111009868976,2398.297933255794,2605.725727994285,2774.114962061965,2978.2426029881517,3226.016435039945,3483.1483995677218,3735.7064164706694,3900.16160296478,4137.00843820884,4371.224428375861,4603.496067643902,4847.994025483067,5115.944087679066,5389.770625753311,5692.30770837894,6056.274649109108,6528.1879688181525,6851.1924065493795,7124.93263558256,7512.664830713608,7997.640721848757,8542.295013747245,9083.651738576647,9587.829509388139,10025.104599955579,9995.60055172957,10315.345200708065,10726.947926087105,11060.903119623106,11358.269026402222,11798.678344227363,12185.721252614852,12611.413816345263,13163.540898192827,13749.850380642238,14262.716949313732,14097.240989851603,15804.762753278712,17473.89684351419
"    NIPA PCE",77.382,70.136,60.672,48.714,45.945,51.461,55.932,62.188,66.839,64.272,67.209,71.288,81.072,89.002,99.903,108.648,119.977,144.198,161.852,174.878,178.333,192.044,208.339,219.32,232.74,239.608,258.288,271.128,286.296,295.606,317.13,331.18,341.475,362.557,382.035,410.632,442.973,479.919,506.685,556.852,603.639,646.724,699.937,768.153,849.575,930.161,1030.547,1147.666,1273.975,1422.252,1585.42,1750.667,1933.951,2071.256,2281.605,2492.34,2712.83,2886.278,3076.279,3330.012,3576.758,3808.994,3943.449,4197.559,4451.984,4720.965,4962.59,5244.596,5536.79,5877.248,6283.758,6767.179,7073.801,7348.941,7740.749,8231.96,8769.066,9277.236,9746.594,10050.083,9891.218,10260.256,10698.857,11047.363,11388.233,11874.45,12297.438,12726.849,13290.626,13934.442,14437.543,14231.353,16119.682,17690.013
"      -NIPA PCE durables",9.829,7.661,5.911,3.959,3.762,4.564,5.493,6.749,7.393,6.123,7.168,8.287,10.268,7.63,7.471,7.743,9.098,17.114,21.833,24.453,26.623,32.445,31.739,31.243,34.616,33.713,40.745,40.169,42.027,39.53,44.888,45.625,44.206,49.465,54.228,59.556,66.39,71.745,73.981,84.828,90.483,89.988,102.446,116.444,130.527,130.177,142.165,168.624,191.963,213.348,226.34,226.391,243.938,253.032,295.031,342.156,380.365,421.439,442.022,475.053,494.33,497.079,477.183,508.081,551.532,607.171,635.738,676.295,715.53,779.293,855.568,912.572,941.515,985.368,1017.801,1080.574,1128.61,1158.333,1188.043,1098.761,1012.121,1048.962,1093.499,1144.221,1191.786,1247.26,1315.794,1356.495,1415.911,1488.831,1523.644,1621.7,1991.864,2077.929
"      +FA durable depreciation",7.314,6.726,6.064,4.763,4.911,5.0,5.346,5.694,6.145,5.626,5.797,6.207,8.774,7.259,8.37,8.004,9.167,10.727,12.663,15.359,16.64,18.827,22.72,23.404,24.294,26.467,28.339,31.968,32.393,35.315,34.88,37.332,38.138,39.151,41.01,43.407,45.803,49.022,52.84,58.534,64.33,69.344,75.271,80.973,88.953,99.552,111.165,122.813,137.0,154.403,172.59,192.685,207.859,214.501,219.431,236.745,261.373,287.957,314.462,337.874,363.607,387.059,407.036,420.034,442.54,466.805,491.592,512.024,530.862,554.025,581.09,622.886,656.001,685.706,714.954,756.322,800.168,841.19,879.846,911.052,921.15,914.983,931.386,950.885,967.679,981.351,1006.754,1028.057,1072.556,1114.393,1163.032,1218.447,1360.415,1543.579
"      +Misreported S corp inc",NaN,NaN,NaN,NaN,NaN,NaN,NaN,NaN,NaN,NaN,NaN,NaN,NaN,NaN,NaN,NaN,NaN,NaN,NaN,NaN,NaN,NaN,NaN,NaN,NaN,NaN,NaN,NaN,NaN,NaN,0.2481512926829267,0.2888960487804877,NaN,0.4301517073170731,0.5000303414634144,0.5938439268292681,0.7192738536585366,0.839575975609756,0.9323330487804875,1.0453932439024387,1.2057383414634142,1.2316284878048775,NaN,1.4355831951219504,1.7098077073170734,NaN,1.7801389756097552,NaN,2.383893878048779,2.704090829268292,2.3191990243902434,2.091790536585365,1.7014023658536581,1.889814731707315,2.810900853658535,3.506614902439024,3.757699317073171,4.728127170731704,12.863412219512192,17.566185512195112,19.10771209756097,21.007232560975602,20.675553585365844,26.746391414634132,29.768345780487785,34.417965951219514,36.31473724390243,42.12170451219511,48.29113624390237,53.47316765853655,58.93037275609757,61.744865487804844,62.73973756097561,66.42444336585365,72.950317902439,85.86504987804875,104.10753599999998,111.59713712195122,112.32120139024391,103.41616368292682,96.58998878048777,107.71940897560972,115.80273921951203,137.28760002439014,139.37407178048778,150.19434658536568,160.22327048780477,167.67301060975603,169.7281803658537,170.73325843902444,176.5542617560975,188.04434487804872,240.46316978048776,244.3666330975608
"      +Imputed Kcd services",1.56816,1.4750800000000002,1.29072,1.13908,1.11496,1.11372,1.1102400000000001,1.17144,1.23424,1.22524,1.26128,1.3800800000000002,1.5962,1.80044,1.9830400000000001,2.10832,2.1599600000000003,2.4704,2.93424,3.32292,3.67128,4.2992,4.80044,5.08,5.405,5.548719999999999,5.92396,6.3628800000000005,6.73988,6.904120000000001,7.208640000000001,7.416760000000001,7.535,7.78836,8.19376,8.615920000000001,9.11472,9.98068,10.876880000000002,12.082360000000001,13.18844,14.17028,15.11584,16.38032,18.16128,21.026840000000004,23.11984,25.42084,28.20464,31.803919999999998,35.82304,39.63476,42.43116,44.09696,47.00368,50.78332,55.08520000000001,60.895360000000004,66.10648,72.01304,77.02332,81.56168,84.69788000000001,87.73872,92.08992,96.96544,101.17224,105.11716000000001,108.71843999999999,113.35052,119.64372,128.07023999999998,134.572,141.04736,147.10404,155.92876,164.25080000000003,171.93036,178.99156,182.64988000000002,182.40532,181.42008,185.78616000000002,189.0976,191.09336,194.0704,199.625,205.46912,210.70544,218.86419999999998,226.85372,240.89096,279.83824,305.57259999999997
"      +Imputed Kg services",1.70832,1.69364,1.60156,1.38976,1.59148,1.8974000000000002,1.9088399999999999,2.18536,2.32512,2.42816,2.5015199999999997,2.6430000000000002,3.30632,4.89872,6.463640000000001,7.35952,8.073,8.22268,8.70076,8.7136,8.15724,8.648200000000001,9.736040000000001,10.441479999999999,10.720360000000001,11.38944,12.33184,13.72068,14.421479999999999,15.241,15.72224,16.37888,17.29804,18.49168,19.544800000000002,20.62188,22.0498,23.90192,25.943600000000004,28.25636,31.233800000000002,34.78008,37.66408,41.10308,46.53464,56.76092,59.6182,63.121840000000006,67.17144,73.88504,83.80352,95.74456,105.17268,111.44216,114.73152,121.0582,125.55488,132.65404,139.90416,147.62416,155.57248,163.239,168.50092,175.55344000000002,183.111,192.9086,201.86788,209.27648000000002,218.57108,227.80952000000002,240.55096000000003,253.55900000000003,264.08384,275.87028,287.8294,318.96684,348.42052000000007,384.2622,414.0852,441.40904,443.48724000000004,460.56919999999997,485.18136,500.65268,517.84648,529.8926,537.6979600000001,553.49176,576.2904,606.3406,627.639,650.20716,725.79488,801.89324
"      -NIPA pro-rata sales tax",1.9912691969708716,1.9988864491844414,1.9224836827531644,1.9715939976187542,2.664382761998041,3.3882560774178505,3.5774067260244586,3.925161076091851,4.250399227995632,4.211532160194175,4.34256276689134,4.761662383570867,5.768457913953029,6.505042358598684,7.3434509874578335,8.494193450408659,9.660336456154095,10.572266355982746,11.03874181350864,11.860038998616178,12.13285269692093,13.13647597946304,14.451703233672044,16.06698281962429,17.02960651370628,16.51229641748189,17.703247216285696,19.408433861497155,20.48287745200771,20.752476796817383,22.525872922776152,24.409011700585783,25.583546004831984,27.136706801964934,28.436797118065105,30.421365680219754,31.898439241217865,32.89417094134635,34.99053848446273,39.42575094279988,43.43436972760209,47.12237663052554,51.25909841600029,54.8930017965171,59.97744345113735,65.2966370854078,70.60870863337625,75.19063989174552,81.92877063364665,91.07673154968319,99.18055647084053,114.49829756544221,138.56360442017404,136.6203191647966,149.23999986676046,163.97920164664535,172.51005132278837,176.95856510876635,189.35044923136036,204.01995047225054,214.5901125298385,229.07549609030625,247.01475062058617,262.5421132057941,276.7368374046267,301.3949383073164,309.8048317608346,320.89625683312886,337.93203049059116,354.30549927959476,372.13040364698963,392.6791366696522,398.49017101159626,407.6884477832928,433.1209271888289,470.8279280292907,515.1078422527553,544.2309585453038,555.9654520021045,564.7444837273483,527.1289970509193,560.6404882675444,596.5663331324084,620.1617604012831,654.1708853782673,684.0200023580039,700.222977872952,713.6310742644939,740.4541221730263,806.0916777967859,845.2610324423623,810.0014750264435,929.5665365017746,1033.59862958337
"  + Public consumption",6.718,7.018,7.082,6.683,6.845,8.05,8.3,9.169,9.22,9.88,10.575,11.127,17.04,36.455,58.131,70.493,71.087,38.319,34.141,35.274,38.493,39.059,53.722,64.963,70.099,67.071,68.6,71.034,76.933,81.516,82.594,84.517,89.34,97.69,102.755,108.372,116.19,131.877,149.349,166.28,179.437,192.785,208.96,225.498,239.125,265.205,296.725,314.508,341.169,370.77,404.705,453.65,507.041,554.529,595.393,634.728,690.64,737.989,776.893,820.454,881.429,948.186,1004.857,1048.383,1073.04,1108.101,1141.743,1172.889,1220.528,1267.607,1351.427,1437.588,1538.151,1645.819,1746.378,1851.92,1962.027,2072.953,2198.532,2353.44,2433.429,2511.047,2511.311,2515.439,2530.745,2562.276,2603.988,2653.374,2715.714,2859.732,3012.056,3180.108,3376.39,3563.488
"  + Investments",41.964989196970876,32.92508644918444,24.12740368275317,14.609233997618754,14.318862761998039,19.03825607741785,23.458326726024456,29.280761076091853,34.26475922799563,28.607772160194177,32.74300276689134,39.674542383570866,55.01653791395303,66.23428235859869,75.15653098745783,78.09483345040866,71.1761764561541,86.17546635598275,101.66966181350863,117.70219899861617,110.79985269692094,132.21571597946306,153.26638323367203,152.7309028196243,161.0587665137063,157.85717641748187,182.7586072162857,192.68279386149715,200.61155745200767,192.1949567968174,219.07135292277613,226.3528517005858,231.28162600483196,252.92434680196496,269.4357971180652,292.1785656802198,321.8321192412178,352.38885094134633,361.11361848446273,392.55787094279987,422.3261697276021,427.01373663052556,470.71509841600033,525.0112017965172,604.6795634511373,629.3407970854078,662.8761886333763,759.5320798917455,858.1108906336466,997.6856115496832,1114.2435164708404,1150.898137565442,1310.058524420174,1280.6039991647967,1384.6485598667605,1616.0717616466452,1703.0915313227886,1782.5592851087665,1874.8022492313605,2022.7745104722503,2170.1817125298385,2219.811776090306,2212.848230620586,2341.0833532057945,2472.0519174046267,2689.6202583073164,2815.555711760835,2999.8988968331287,3226.953270490591,3412.505539279595,3583.5150436469894,3716.324376669653,3705.102651011596,3761.858407783293,3877.6699271888283,4170.99244802929,4452.193482252755,4697.618918545304,4832.048812002105,4593.776923727348,4278.468037050919,4490.4920082675435,4665.382173132409,5058.520160401282,5408.113845378268,5709.907562358004,6042.010257872953,6109.630634264493,6380.590362173027,6741.307597796786,7024.210872442362,6910.174195026443,7674.405936501775,8444.33630958337
"    NIPA GDPI",17.17,11.428,6.549,1.819,2.276,4.296,7.37,9.391,12.967,7.944,10.229,14.579,19.369,11.762,7.405,9.18,12.4,33.128,37.131,50.347,39.099,56.53,62.759,57.274,60.414,58.07,73.754,77.685,76.505,70.947,85.669,86.477,86.584,96.977,103.284,112.15,129.645,144.188,142.7,156.923,173.562,170.049,196.824,228.14,266.925,274.526,257.253,323.224,396.613,478.377,539.657,530.098,631.229,581.034,637.518,820.089,829.65,849.146,892.176,936.963,999.701,993.448,944.344,1013.006,1106.826,1256.484,1317.489,1432.055,1595.6,1736.671,1887.059,2038.408,1934.842,1930.417,2027.056,2281.253,2534.72,2700.954,2673.011,2477.613,1929.664,2165.473,2332.562,2621.754,2838.327,3073.981,3288.481,3278.305,3467.664,3724.77,3893.734,3763.386,4246.545,4844.333
"      -NIPA GDPI nonres IPP",0.577,0.556,0.5,0.442,0.428,0.501,0.563,0.644,0.704,0.754,0.771,0.819,1.13,1.196,1.142,1.237,1.433,1.837,2.02,2.075,2.04,2.261,2.359,2.983,3.667,3.888,4.318,5.225,5.586,5.986,6.63,7.142,7.979,8.399,9.243,9.808,11.135,12.802,14.003,15.582,17.152,17.947,18.678,20.577,22.681,25.517,27.811,32.189,35.817,40.358,48.068,54.354,64.773,72.674,81.343,95.048,105.327,113.543,120.116,132.674,150.117,164.426,179.129,187.667,196.912,205.705,226.849,253.303,287.964,318.126,365.127,411.339,415.04,406.222,418.656,437.819,473.134,506.332,544.828,574.384,564.354,578.17,621.733,655.691,694.599,741.461,778.879,843.007,906.246,992.217,1074.887,1136.206,1263.051,1423.69
"      +Imputed private IPP inv",12.546719999999999,11.059199999999999,9.28692,7.142639999999999,6.85848,8.016,8.90892,10.179599999999999,11.160359999999999,10.482240000000001,11.212439999999999,12.34788,15.51708,19.91424,24.370079999999998,26.93364,27.36084,27.304199999999998,29.95392,32.93616,32.697,35.97924,41.62968,44.08092,46.70616,46.86588,51.057359999999996,53.92236,56.884679999999996,57.747479999999996,62.598479999999995,65.08583999999999,67.46507999999999,72.47064,76.494,82.1352,89.07468,97.60968,103.19507999999999,112.87812,122.1138,128.79636000000002,139.78199999999998,153.49319999999997,171.04512,185.42916,202.18848,224.80944,249.81912,282.19188,315.27996,342.87683999999996,384.84492,401.25468,436.08456,484.51356,520.6774800000001,549.5557200000001,582.6258,628.37256,676.9896,715.57728,738.97548,782.43924,823.02708,874.46832,916.76988,968.77464,1029.30624,1087.53804,1155.74064,1230.1142399999999,1269.83148,1311.49296,1374.7740000000001,1466.06352,1564.70364,1657.86996,1736.90736,1772.3834399999998,1737.3680399999998,1805.8765199999998,1871.96784,1950.4763999999998,2025.6819600000001,2112.9765599999996,2195.40228,2256.58956,2353.4522399999996,2478.78192,2584.7978399999997,2565.03372,2847.0774,3126.55368
"      +NIPA PCE durables",9.829,7.661,5.911,3.959,3.762,4.564,5.493,6.749,7.393,6.123,7.168,8.287,10.268,7.63,7.471,7.743,9.098,17.114,21.833,24.453,26.623,32.445,31.739,31.243,34.616,33.713,40.745,40.169,42.027,39.53,44.888,45.625,44.206,49.465,54.228,59.556,66.39,71.745,73.981,84.828,90.483,89.988,102.446,116.444,130.527,130.177,142.165,168.624,191.963,213.348,226.34,226.391,243.938,253.032,295.031,342.156,380.365,421.439,442.022,475.053,494.33,497.079,477.183,508.081,551.532,607.171,635.738,676.295,715.53,779.293,855.568,912.572,941.515,985.368,1017.801,1080.574,1128.61,1158.333,1188.043,1098.761,1012.121,1048.962,1093.499,1144.221,1191.786,1247.26,1315.794,1356.495,1415.911,1488.831,1523.644,1621.7,1991.864,2077.929
"      -NIPA pro-rata sales tax",0.2897308030291282,0.2451135508155583,0.20751631724683542,0.17440600238124565,0.23761723800195883,0.32974392258214963,0.3895932739755418,0.47783892390814947,0.5286007720043687,0.44346783980582527,0.5184372331086612,0.6263376164291325,0.8365420860469707,0.6099576414013168,0.5935490125421659,0.651806549591341,0.7926635438459038,1.423733644017254,1.7212581864913625,1.927961001383822,2.1291473030790713,2.67052402053696,2.597296766327956,2.669017180375706,2.975393486293718,2.7037035825181133,3.315752783714303,3.3755661385028475,3.5241225479922877,3.203523203182615,3.7141270772238517,3.8999882994142157,3.804453995168022,4.2872931980350675,4.7042028819349015,5.16063431978024,5.623560758782139,5.781829058653649,5.982461515537267,7.085249057200118,7.658630272397906,7.616623369474457,8.788901583999703,9.8079982034829,10.887556548862666,10.625362914592205,11.299291366623745,12.950360108254493,14.535229366353342,16.073268450316824,16.517443529159465,17.005702434557804,20.000395579825962,19.012680835203376,22.16400013323954,26.093798353354682,28.13194867721162,30.256434891233624,31.772550768639647,33.94804952774945,34.41388747016153,34.38150390969374,34.005249379413804,36.15488679420587,39.1311625953732,44.484061692683596,45.51916823916544,47.5057431668712,50.152969509408884,54.160500720405196,58.65359635301042,61.207863330347855,61.181828988403836,63.12855221670714,65.57107281117112,71.1420719707093,76.08915774724467,77.6460414546962,77.17554799789546,69.32151627265168,60.087002949080684,63.844511732455814,67.91466686759156,71.65423959871691,76.46111462173282,80.27999764199605,83.89902212704793,85.1369257355061,88.2898778269737,96.43032220321417,99.72796755763775,104.17252497355663,131.05846349822534,137.56937041663002
"      +NIPA government investment",2.903,3.255,3.087,2.262,2.03,2.671,2.852,4.23,3.899,4.29,4.59,4.435,10.796,28.986,39.892,38.151,25.309,4.708,5.686,8.482,11.315,11.455,19.582,24.621,26.666,25.396,24.358,27.146,30.23,32.622,35.863,36.003,39.897,42.597,44.438,46.392,47.863,53.567,57.668,59.246,59.547,59.796,58.509,60.691,65.64,76.166,84.403,89.645,93.162,105.567,120.097,135.948,147.34,156.944,171.164,193.182,219.876,238.087,254.637,258.401,270.433,290.37,294.094,296.117,291.883,294.173,307.688,319.959,326.605,344.001,368.478,388.85,411.883,443.676,464.221,486.204,513.286,550.893,592.024,629.595,642.909,644.504,636.618,621.031,601.832,606.331,629.431,649.657,681.427,730.649,773.94,818.987,832.262,894.669
"      +NIPA net exports",0.383,0.323,0.001,0.043,0.058,0.322,-0.213,-0.147,0.078,0.966,0.833,1.471,1.033,-0.252,-2.246,-2.024,-0.766,7.182,10.807,5.487,5.235,0.738,2.513,1.164,-0.701,0.404,0.478,2.361,4.075,0.538,0.397,4.204,4.913,4.101,4.939,6.914,5.618,3.863,3.555,1.35,1.431,3.948,0.621,-3.372,4.111,-0.815,15.977,-1.631,-23.094,-25.367,-22.545,-13.056,-12.52,-19.974,-51.642,-102.727,-114.018,-131.869,-144.77,-109.393,-86.741,-77.855,-28.614,-34.738,-65.173,-92.487,-89.761,-96.376,-101.971,-162.711,-259.55,-381.073,-376.747,-439.745,-521.955,-634.141,-739.903,-786.453,-735.933,-740.87,-419.153,-532.309,-579.617,-551.617,-478.453,-508.9,-524.32,-503.272,-543.328,-593.077,-577.29,-618.554,-849.233,-937.889
"      ==> C-corp share",NaN,NaN,NaN,NaN,NaN,NaN,NaN,NaN,NaN,NaN,NaN,NaN,NaN,NaN,NaN,NaN,NaN,NaN,NaN,NaN,NaN,NaN,NaN,NaN,NaN,NaN,NaN,NaN,NaN,NaN,89.1977059438064,94.23625617066544,NaN,105.00612164429413,110.34225456369528,NaN,139.97402739709838,161.11145897918897,163.97570564278513,177.63836352712084,193.67202204679245,194.2842587324029,213.15781063154637,238.1238320239687,278.2524406055669,304.8053154522803,301.2670065027473,358.0021421798877,415.38588185474106,484.2825127084139,542.9990131052289,568.0258379461511,678.5897865473883,654.7109218849072,686.4083262491328,849.0677966270207,860.934134262812,857.5233325365091,874.51743444153,900.0400995448804,968.0260376817805,1003.917710327718,984.0557659420335,1040.1889033110435,1111.2808762613704,1238.1354826429847,1299.8042415542204,1385.0742067812314,1507.0418021358323,1585.5360330532487,1672.12130300899,1776.1915976520893,1677.134979353932,1643.0402367652898,1679.723724499437,1827.5171770917214,1974.1270094195947,2134.7343918957854,2225.5602098425347,2178.273481032497,1834.141609089575,2098.9978982758935,2243.531747715297,2437.733843727717,2521.9408151214566,2702.3696496360726,2805.6292030705144,2764.557843744358,2851.5580577623195,3068.851153420793,3170.6227165221603,2934.289893589014,3281.5880197526053,3772.535725237409
"        Pass-thru share",NaN,NaN,NaN,NaN,NaN,NaN,NaN,NaN,NaN,NaN,NaN,NaN,NaN,NaN,NaN,NaN,NaN,NaN,NaN,NaN,NaN,NaN,NaN,NaN,NaN,NaN,NaN,NaN,NaN,NaN,19.831496277952144,18.907603067478366,NaN,21.576514500516705,22.59748039111838,NaN,25.982741605540767,27.20513690811284,26.550810664139732,31.980427319076657,36.971750631487026,39.011685916415786,43.46189019624944,48.272174963110416,56.48907553713662,53.89790257604983,51.204843594887336,57.35432579201607,65.50998738190847,83.60657586727474,101.908906049502,103.86246903828729,123.68549707921994,118.57058283904769,122.4262943960642,147.9317483602006,161.0620621438497,169.32721264542727,199.77093837835343,236.94868485558143,257.47785440272105,249.34709847153442,241.32683909796194,248.7483000504783,276.65933776288307,305.74206313262437,330.8332586619517,349.4169423786991,387.6155943522657,422.09740981688475,463.3614729411561,505.11794854935715,503.85810901693753,526.148139043568,554.074897750719,618.1286026067531,684.5866384815412,754.7519326887373,804.7365600954962,806.2269760348843,684.7529623757714,721.9709822072095,750.4424655575679,818.0321743772181,888.0705566151232,932.6523657166749,993.9013171604507,948.9842825115818,1033.0486040357605,1053.7893041413909,1109.9429641088495,1062.4589529362588,1145.4204477033727,1333.9911480333703
"          S corporations",NaN,NaN,NaN,NaN,NaN,NaN,NaN,NaN,NaN,NaN,NaN,NaN,NaN,NaN,NaN,NaN,NaN,NaN,NaN,NaN,NaN,NaN,NaN,NaN,NaN,NaN,NaN,NaN,NaN,NaN,0.6945833642731473,0.8578127719308271,NaN,1.216136163874918,1.4567886956070197,NaN,2.1689063059237537,2.5041919928301253,2.7680789443980682,2.932555053741859,3.487378941811888,3.581600654978802,3.8653391727719026,4.527420862630417,5.751813937490765,6.56885936534651,6.346441923766929,7.905105626622105,9.37786174662324,10.852858099229739,12.318537828838497,12.460465191983818,14.363459803345318,14.641612311148771,18.364759812371027,26.993373687791166,28.587663538264106,32.22741560982272,53.81799218869487,71.3181155703442,88.21172068703731,95.61324324745503,97.15323156273939,105.76991500720574,117.37756196556057,133.41048366676,146.19106569507815,158.95491309788093,183.88544963234148,196.7501895127879,216.53003534375586,237.23167318767796,231.36593957961816,242.47351217034895,260.41040782449835,299.97119050593363,333.41230261218095,374.983920675493,400.4348657305999,407.8276136893415,345.35342057546933,393.011660099182,415.07389787385637,451.21493902633085,463.24332180249286,495.24882892065165,521.5796997821421,521.9370860288719,543.7805843361765,569.5804918982029,569.8591862490401,543.8462264978305,599.2436900958356,665.5200612709049
"          Sole proprietorships",4.371437257260863,3.1726155489224146,2.2489997846436056,1.4296346640807558,1.2853907309884922,1.594673119333497,1.9850141566443538,2.506430991645695,2.917389686930006,2.5436973872556745,2.8074311294782945,2.959655149898846,3.506631702353076,2.9815821395114135,3.5424891935844336,3.96092633967584,4.858045794666611,6.039572190496844,7.856930350530176,9.170535732314448,9.338111482957885,10.050364969266735,9.638507784217511,8.942628464053065,9.369221279053036,9.212049175076404,10.616483163839952,9.965979014813785,10.465532116847486,11.38246330364912,11.195967599000175,10.643671251211371,11.114842997685553,12.09571156372547,12.805685401148503,13.37551013821952,14.336449488328363,14.837895258695015,14.3933073863044,19.149721963704323,22.329607982490995,23.599306928341814,26.939918875979817,30.657125004625065,35.50792911012114,32.775707591837694,29.550854032240977,32.57372073400692,37.95470308147142,48.798471861742584,58.4149793943396,57.48834272670059,65.6919654919463,60.25135642952689,63.721399467096646,71.54737429055501,75.25345641460848,80.1051750339784,83.10505251131345,85.19614106422083,87.09882371546018,79.74221312858043,73.90007788231763,74.81114775042364,84.1530761744256,92.90554775690605,100.33264080877426,102.83965403977537,110.81866602384262,115.27065057518578,119.50850332026532,120.62010520134987,116.89551254564066,118.18219443714176,123.67906380600755,132.412415355407,143.03499689907875,146.8371848262625,143.27228579353732,135.44325109168415,111.53937999868354,101.62745983093518,103.4442894004998,115.5462296058434,119.39691090405914,142.8717751338624,158.45140717936218,151.0412477430252,175.37382164256013,180.5510419547906,195.95941259144283,204.84407470490993,213.48600465376458,246.30868167675592
"          Partnerships",2.7316747862811805,2.2511606713431025,1.595786726090918,1.115982354043398,0.9825395263551872,1.2454464592011762,1.4731015911873302,1.806487277893432,2.08484945108058,1.921240308918706,2.0332253448430015,2.015151206042207,2.3998979554316286,2.302712476186196,2.731343089185524,3.084424260415663,3.876335401990444,4.373409854200841,5.272258678293479,5.810523582346197,6.0678785072632255,6.424499339080861,6.312623040673894,5.818832275114198,6.261730985665057,6.110116791188333,7.245784511230668,6.690195493714001,6.9797284846338465,7.060043769709376,7.940945314678823,7.406119044336168,7.933920893911391,8.264666772916318,8.335006294362858,8.77165842944282,9.47738581128865,9.8630496565877,9.38942433343726,9.898150301630476,11.154763707184143,11.830778333095168,12.656632147497724,13.087629095854933,15.229332489524714,14.553335618865626,15.307547638879427,16.875499431387045,18.177422553813805,23.95524590630242,31.175388826323893,33.91366111960288,43.630071783928315,43.67761409837201,40.34013511659653,49.391000381854425,57.22094219097711,56.99462200162613,62.84789367834513,80.43442822101642,82.16731000022354,73.99164209549895,70.2735296529049,68.16723729284892,75.12869962289689,79.42603170895833,84.30955215809927,87.62237524104279,92.91147869608157,110.07656972891108,127.32293427713488,147.26617016032932,155.5966568916787,165.49243243607722,169.985426120213,185.7449967454125,208.13933897028147,232.93082718698176,261.029408571359,262.9561112538585,227.86016180161852,227.33186227709228,231.92427828321172,251.2710057450438,305.4303239085713,294.5317616621608,313.87021019894644,276.0059487396847,313.8941980570238,303.65777028839733,344.12436526836655,313.76865173351837,332.6907529537724,422.1624050857096
"        Nonbusiness (incl NX)",17.00377561931128,13.963506784101714,11.095787729289741,7.327931396158234,6.617980020489164,8.545056126425445,9.509308326164282,12.55758899398376,13.447749980625913,13.57721236124818,15.528711320062202,17.622735032916342,25.95723255588649,38.67978133218521,47.079048979996614,45.89124622389757,35.90755708442658,36.66584293252274,49.92741790771333,53.5642681244273,57.33402556798348,64.43811869035378,72.39382166844425,75.42608174303646,79.62364003221408,80.89546528401992,90.44796073777543,93.29597695433517,98.74128544462265,95.15215031171083,110.05264737897522,113.20899246244197,116.6915428939386,126.35238117747396,136.48673852930088,148.01144262302452,155.87334801050153,164.0819364630088,170.58810542663582,182.931785019569,191.683400189947,193.71578061084332,214.09439165883802,238.61519480943798,269.93246174271087,270.6365761344522,310.397020361186,344.1685759211529,377.2150213969971,429.7935079409202,469.342208838536,479.0108359256758,507.78324079356594,507.31690473650025,575.8119237868029,619.0680799064135,681.099310868586,755.7068650406383,800.51674210288,885.7867315925807,944.6798338440476,966.5449583218333,987.4614729619282,1052.146149844272,1084.1127072517531,1145.743716940626,1184.9182115446629,1265.4125757780062,1332.297879405286,1404.8696691752955,1448.0354478109593,1435.0148304682057,1524.1064780592626,1592.665765879378,1643.874332144389,1725.3446541129047,1793.4775126327302,1808.1358879324694,1801.7542441428818,1609.2764666599664,1759.572378223466,1669.519997200737,1671.408961747103,1802.750145747322,1998.102473641687,2074.882682177678,2242.479737641987,2396.0891928332735,2495.98208608604,2618.6696634046302,2743.644181027199,2913.428645794702,3247.3987342197743,3337.8096341296714
